Date,o,h,l,c,v
2024-09-26,253.5835151,254.0698451,245.5144927,250.7251129,10082100
2024-09-27,251.2908461,251.3107003,244.2738703,245.8817291,7128600
2024-09-30,242.3186501,245.1571982,240.0557534,243.608902,6252500
2024-10-01,243.7875649,244.730436,235.2222926,237.0881958,7751800
2024-10-02,237.3759992,242.6163931,235.8078489,240.5023804,5842600
2024-10-03,239.7381552,245.296141,239.5297238,242.7156525,5926900
2024-10-04,247.340709,247.340709,242.4973085,245.9611359,5771300
2024-10-07,244.6807979,248.7202764,244.4624469,246.3581238,4958800
2024-10-08,247.2910723,251.2709881,246.0206747,250.6258698,4435300
2024-10-09,251.0923584,253.4942045,248.3332121,253.236145,4063400
2024-10-10,250.615936,253.9507335,249.1172679,252.7398834,4044600
2024-10-11,251.7076885,255.3699973,251.6977689,254.7645874,4202900
2024-10-14,256.5808829,260.2928506,256.4816572,259.3201904,4608600
2024-10-15,259.0422597,260.1439191,243.7379257,245.306076,14128900
2024-10-16,247.9560415,247.9560415,243.6585187,245.4648743,5692300
2024-10-17,253.2659044,254.2484991,249.6135151,249.6929169,6745000
2024-10-18,251.5985069,251.6183611,248.97831,249.6234283,3720700
2024-10-21,249.1172715,251.1518977,247.6186033,250.9434662,3923400
2024-10-22,249.4447932,250.5960958,247.7972411,249.8020935,3629100
2024-10-23,248.5713824,249.7822325,243.9959612,247.1421814,4971600
2024-10-24,248.988248,249.3157746,246.3382772,248.1843262,2595500
2024-10-25,250.5961005,254.6256292,250.4075233,251.0625763,6835900
2024-10-28,250.873995,251.1518935,249.1172674,249.3256989,3557300
2024-10-29,250.0105094,256.3922712,248.9783171,254.9928741,5392800
2024-10-30,249.8517138,251.1022571,247.5788825,248.7996521,5348400
2024-10-31,246.4077527,246.4077527,238.4776796,239.8671722,9464700
2024-11-01,242.358357,245.4350951,241.5246614,242.9141541,5521000
2024-11-04,243.4699518,245.6534468,241.5842096,242.4377594,5199200
2024-11-05,243.4104039,247.1719688,243.2416809,246.4474487,4344200
2024-11-06,250.3975798,253.7720857,248.3331951,252.8986816,7284400
2024-11-07,256.4518561,259.191133,256.2037313,259.0621033,5370200
2024-11-08,258.8040764,259.9156706,255.9853826,257.3947144,3915600
2024-11-11,255.9853815,256.1143809,249.1073548,251.6282959,7667300
2024-11-12,251.2015295,251.6680053,246.9933279,249.9708252,6574000
2024-11-13,248.7698888,249.2959121,245.3656242,245.7725525,5537900
2024-11-14,247.6880587,249.0775664,245.524418,246.3184052,4607600
2024-11-15,242.3384937,242.7355024,237.0087786,238.1501465,9499700
2024-11-18,237.2370584,240.353505,235.6093605,239.7282257,7696500
2024-11-19,239.2915353,242.4377556,238.7952858,242.3484192,4505200
2024-11-20,241.5048011,241.9216489,236.8598976,240.7207184,7585600
2024-11-21,243.678377,246.3283478,237.8027843,244.2540283,8825400
2024-11-22,244.1250056,244.7899782,241.4849543,242.7851257,4746300
2024-11-25,244.5021615,244.5021615,240.4626828,241.8323364,4562700
2024-11-26,243.976136,244.2738736,238.0906084,239.6091309,4996500
2024-11-27,237.8623332,238.0012825,232.4135078,236.4629059,6911600
2024-11-29,238.1997843,242.6561107,237.7928561,240.3138123,5607400
2024-12-02,241.5246572,247.2811398,241.5246572,246.0107422,8070300
2024-12-03,245.0777963,246.8146697,244.0852971,246.5566254,3227300
2024-12-04,250.3380529,251.1717637,247.4498919,250.7350616,5457400
2024-12-05,250.0005987,250.2685777,245.72293,246.4375305,3872100
2024-12-06,246.0206734,247.5491153,245.3557008,246.7451935,3885300
2024-12-09,244.3731272,247.0925802,243.0927949,244.2242584,4532600
2024-12-10,244.5815455,245.296146,236.5820051,238.0806885,6402400
2024-12-11,241.8223926,245.1869639,239.9167962,243.9066467,5588400
2024-12-12,242.1796934,242.8049727,240.1152935,241.5444946,3979300
2024-12-13,247.6483803,249.742554,244.2044072,247.6186066,8628300
2024-12-16,248.6210152,252.4520621,247.0528648,251.3503876,4893000
2024-12-17,248.6011716,249.2859984,246.1695519,248.085083,4027800
2024-12-18,250.2685799,252.5612504,238.6464086,240.1748657,8125800
2024-12-19,241.1772886,241.4254134,236.5621737,237.0782623,6893100
2024-12-20,235.6192674,243.4203105,234.7657176,240.8894501,6909300
2024-12-23,242.7745777,248.8157773,242.7745777,248.4469299,6650100
2024-12-24,249.6631479,250.5902557,248.6064384,250.5902557,2097400
2024-12-26,249.643214,251.6071045,248.1079977,250.1516266,2169300
2024-12-27,248.506746,249.294304,244.3995309,247.6294708,3812300
2024-12-30,243.8611928,246.5827354,241.9770562,243.9010773,3532100
2024-12-31,244.7484285,245.2867619,240.651177,241.4187927,3071800
2025-01-02,243.7615186,246.9814951,241.4985558,244.0306702,4464000
2025-01-03,246.2338263,251.5472949,245.9148117,251.0986938,4994400
2025-01-06,257.867632,262.4732961,257.6981459,259.4227905,10533200
2025-01-07,262.602892,262.7623689,252.2650491,253.2519684,7661100
2025-01-08,252.7734623,253.541078,248.7360222,251.4475861,5189500
2025-01-10,248.6363474,248.8157817,244.1602697,246.4132538,6901500
2025-01-13,240.322216,244.1702278,239.8735997,243.881134,6007500
2025-01-14,246.9615551,247.6095479,241.638123,244.6786652,3791500
2025-01-15,248.476844,251.2881038,246.9316489,250.4307709,5316800
2025-01-16,256.3124412,256.4021888,251.3678354,251.5074005,5696100
2025-01-17,257.1797621,257.8775724,254.8171034,257.4489136,5387300
2025-01-21,259.9909857,263.5000862,257.6482998,261.5760803,4923000
2025-01-22,265.1748939,268.8235446,264.3175762,266.3412781,6616500
2025-01-23,262.2041108,266.0321956,261.0875899,266.0222473,4704900
2025-01-24,266.5705368,266.6004425,259.8115691,260.71875,5119900
2025-01-27,241.7278298,244.3197707,231.5196037,235.0785217,21944900
2025-01-28,237.1520755,240.2823348,231.5395347,239.7041321,11707300
2025-01-29,241.6580585,241.6979278,235.9059526,238.7869873,8366000
2025-01-30,242.6649285,245.0873987,239.9234588,244.4095001,7676300
2025-01-31,245.4063967,250.679996,242.166478,242.8643036,8009900
2025-02-03,235.2380407,240.890451,234.3906713,238.0393219,7479600
2025-02-04,238.0692253,241.8674045,237.839943,240.7209778,4579000
2025-02-05,241.3689501,246.7322665,239.6542843,246.3733826,4811100
2025-02-06,246.4132515,247.6593741,244.8481295,247.5796356,4877200
2025-02-07,248.7858734,249.8724886,242.7247315,244.2400208,7258900
2025-02-10,246.2338198,249.5136077,246.2338198,248.8456879,4231300
2025-02-11,246.9316427,250.2612786,246.642549,249.0949097,3134900
2025-02-12,244.9378546,247.9684333,243.7814492,247.7391357,4212800
2025-02-13,247.2307114,251.3080206,247.0213561,251.1385498,4486100
2025-02-14,251.2183061,252.4345229,249.8525607,251.7965088,4279500
2025-02-18,253.9298696,256.4021877,252.5541455,255.4252167,6361400
2025-02-19,255.1859661,257.5785306,253.0924892,256.541748,3025400
2025-02-20,257.2694871,258.8246456,254.1292491,257.0003052,4401700
2025-02-21,257.5486223,257.8975427,248.4170323,249.2145538,7578500
2025-02-24,250.5204783,251.2781154,242.5253519,242.664917,7518000
2025-02-25,241.9571277,243.0238007,236.603775,237.5109558,7658600
2025-02-26,240.8505753,245.3565435,240.1527345,243.0636902,6675900
2025-02-27,245.3067036,245.6157395,227.9905746,228.0802917,10520600
2025-02-28,227.6615979,233.0548199,224.9301071,232.0479584,8654700
2025-03-03,234.6398983,234.6398983,220.2646297,222.3182373,10001200
2025-03-04,221.7699449,230.0840709,217.3736209,224.5313416,12563100
2025-03-05,227.1133148,229.4959004,222.7768023,228.6884003,6799400
2025-03-06,221.291424,225.4584657,218.3904622,219.0982513,9155200
2025-03-07,219.915722,225.0497411,216.396673,224.3917847,9426800
2025-03-10,218.888907,220.6035577,210.8538962,213.8645325,9616500
2025-03-11,214.5424307,218.3406098,209.8071651,213.5554962,7381300
2025-03-12,219.6365914,222.258423,217.503215,219.835968,8710800
2025-03-13,220.0951531,223.1855432,217.1343647,218.8689728,5126800
2025-03-14,222.6571898,226.2559924,222.5873996,225.8672028,5100700
2025-03-17,225.5282437,230.323321,225.3189036,228.2497864,5192200
2025-03-18,225.9270175,227.0634807,223.1855478,224.7207642,5196700
2025-03-19,224.7207572,230.3033924,223.085845,226.7045898,4932500
2025-03-20,224.4416242,228.2996148,224.1923997,226.3457031,3654700
2025-03-21,222.0789883,224.9101752,220.7232063,224.0727844,6319300
2025-03-24,228.4890245,231.6990373,228.3893438,229.9145966,6503200
2025-03-25,229.7351588,229.9445141,228.140131,228.9376373,3451800
2025-03-26,227.6915129,228.0902812,219.3674231,221.3213348,9591100
2025-03-27,218.370525,220.0154007,215.898222,217.0745544,9072500
2025-03-28,216.1274989,217.3636427,210.3953351,211.5118561,8722100
2025-03-31,206.6868687,211.0333447,203.875609,210.8140259,9477200
2025-04-01,210.3056188,211.8807043,206.6170838,211.8308716,6151300
2025-04-02,208.3118266,215.9380907,207.8233411,213.4259033,7096200
2025-04-03,202.0612731,203.8556926,194.7340661,194.9633636,14299000
2025-04-04,188.1146546,189.6997188,177.677131,180.2391663,22160100
2025-04-07,172.9518511,194.2256523,169.5823308,184.3264465,25600300
2025-04-08,192.3913589,195.1128863,175.5039036,179.3917999,19097600
2025-04-09,181.1961907,212.1498793,179.7108223,210.1760254,22178500
2025-04-10,200.7553407,201.8718616,188.4536068,195.6013794,18282500
2025-04-11,195.0929481,201.3135975,193.099152,200.6855469,10156300
2025-04-14,205.979073,206.1385803,198.1534323,200.9846191,9843300
2025-04-15,202.0413333,204.5036728,201.313602,202.2905579,5097800
2025-04-16,192.5608355,196.1496594,187.9451925,193.7471466,13067200
2025-04-17,195.2125882,195.3920226,190.4075322,191.932785,7067400
2025-04-21,188.3140332,188.8025187,183.8279921,187.2473602,9572700
2025-04-22,189.7595534,192.7003997,188.3738657,191.3047333,7242700
2025-04-23,200.9547153,202.4500624,197.465572,198.2929993,11495800
2025-04-24,202.5896287,208.6308286,201.5528461,208.3217926,9696200
2025-04-25,206.5373345,212.6283823,205.8594511,211.3124847,7487400
2025-04-28,210.2358278,211.5517405,205.7597501,209.9965668,5804900
2025-04-29,208.6806665,211.5916069,207.8731815,209.6376801,4506200
2025-04-30,204.3840422,211.0831983,203.2575426,210.6246185,5974400
2025-05-01,214.2632958,215.8583388,211.4520512,211.6414642,6878200
2025-05-02,217.3138186,220.2347227,216.5661451,218.3505859,6522200
2025-05-05,216.3567796,218.9188149,216.227178,216.9349823,4536000
2025-05-06,212.9872647,216.7655169,212.1797797,214.9212494,5019400
2025-05-07,215.0508446,220.2347113,213.5255918,219.3375092,9068800
2025-05-08,222.1587378,224.1425552,219.4172681,221.2615204,5919200
2025-05-09,223.8335156,224.6609428,221.3014013,222.707016,3495500
2025-05-12,235.9857066,237.9296548,233.3239907,236.6735687,9246900
2025-05-13,238.3084781,245.9247785,237.859877,244.7982788,8665600
2025-05-14,246.881792,248.666248,244.8381632,247.2207489,7439600
2025-05-15,244.9876944,248.2276131,243.3228765,246.3634186,6446300
2025-05-16,246.7721454,246.8419355,243.3627558,245.6556244,3800100
2025-05-19,240.6511865,245.7353727,240.5415271,245.2468872,4196100
2025-05-20,243.1135177,244.8481257,242.1265984,244.7783356,3115200
2025-05-21,242.5752088,247.8089237,239.2754786,240.7209778,6392500
2025-05-22,240.2823376,242.8543364,239.5745485,240.0630188,5185500
2025-05-23,234.5003246,238.1190694,233.8623104,236.703476,6577200
2025-05-27,241.7378107,244.9278813,239.9134854,244.2101135,8858900
2025-05-28,244.5291194,245.446279,241.1596142,241.6082153,10739500
2025-05-29,248.2276125,248.4369678,241.9471518,243.322876,9120100
2025-05-30,242.4755028,242.4755028,234.6398837,239.0063019,11064700
2025-06-02,238.438073,243.2730347,238.2187694,242.5453033,4719900
2025-06-03,242.7247384,248.3970909,241.598254,248.0182648,7518700
2025-06-04,249.7927533,251.8264186,247.5896019,250.9690857,7258700
2025-06-05,252.9529109,255.2657064,248.9852458,250.5204773,8054100
2025-06-06,252.7535299,254.797174,251.8563277,251.9460449,5589700
2025-06-09,254.2089913,259.0638797,254.2089913,256.1629028,10841400
2025-06-10,257.5585664,261.8651733,256.6613642,261.2570801,9763000
2025-06-11,262.7823233,264.0882572,258.8844484,261.0676575,12286000
2025-06-12,259.2532985,263.1810791,259.2532985,262.3337097,6781900
2025-06-13,256.7510705,259.7916277,255.2557235,256.1928101,11950200
2025-06-16,259.153614,264.2278215,258.9741797,262.5630188,7497700
2025-06-17,261.6259339,264.7063453,260.5492669,260.7785645,7284700
2025-06-18,261.9648647,264.0882624,260.1804087,261.7754517,7367400
2025-06-20,264.0284566,264.1979123,256.4221196,259.4626465,11439900
2025-06-23,259.0439577,261.8452387,256.3224152,261.1075439,10420100
2025-06-24,265.1050792,270.7774313,264.9156662,270.6976929,9035500
2025-06-25,272.372475,274.4161037,271.6048745,274.346344,8480000
2025-06-26,276.2204956,277.0878225,274.0971283,276.3401489,6789000
2025-06-27,277.3170897,279.6299005,274.7849906,277.556366,8170900
2025-06-30,278.8323868,279.0915596,276.2404458,278.0149231,6375800
2025-07-01,275.9413581,277.1974593,271.3157671,274.9843445,8931300
2025-07-02,273.9675166,281.0454985,273.8080093,280.3775635,8713800
2025-07-03,281.9427281,284.3053717,281.4343003,282.7402344,4443000
2025-07-07,280.886008,281.7632832,277.6859434,278.8922119,8616400
2025-07-08,280.7364525,283.8468001,279.8293021,282.6006775,8186500
2025-07-09,283.8468058,286.9471443,282.6904004,284.534668,6810700
2025-07-10,286.9969906,287.2960479,283.6773031,286.6281128,5635200
2025-07-11,285.5813805,288.0437199,284.6642209,286.5982056,5677000
2025-07-14,285.4119077,285.6312265,280.8660549,284.434967,7455800
2025-07-15,290.7652761,292.2905289,289.1801814,289.8979492,9892500
2025-07-16,287.6050807,288.6717689,282.2517431,288.3826599,10065900
2025-07-17,289.1502604,291.6524842,287.0867046,290.8051147,6998300
2025-07-18,292.001426,292.4201062,288.4325138,289.4094849,5522100
2025-07-21,289.7683635,292.6194773,289.4991816,289.6088562,5910900
2025-07-22,288.841242,288.9409379,281.2448835,284.4848022,11537500
2025-07-23,284.4150132,285.7807891,282.112181,285.7209473,8194600
2025-07-24,286.2991639,287.3758004,284.0362161,286.9072571,5902600
2025-07-25,285.3421347,287.1465177,284.1757506,286.5982056,4014900
2025-07-28,288.8811243,290.6655803,288.3926539,290.506073,5671900
2025-07-29,292.6493809,295.809561,290.5758464,291.9914246,6968700
2025-07-30,293.8456868,296.4575549,292.6793027,295.3410339,7930300
2025-07-31,293.7858661,294.0051849,285.1626737,287.8842163,9928100
2025-08-01,282.0324314,286.0499293,278.3239694,283.0692139,14032200
2025-08-04,285.4019595,289.4094789,284.3252926,289.289856,5323200
2025-08-05,289.8381353,290.4263015,283.3283921,286.2094421,6918300
2025-08-06,283.9464704,286.3390502,281.8928628,285.7309265,6124300
2025-08-07,291.9216366,293.7958097,287.7247044,290.2169495,8069400
2025-08-08,291.0244334,293.0082812,289.7484051,292.6194763,5121600
2025-08-11,293.5964408,296.1684242,291.8219635,292.4898682,5799700
2025-08-12,294.3740209,299.3086478,292.2406446,299.1690979,7592800
2025-08-13,300.9037195,302.0401979,297.6438736,300.345459,8959700
2025-08-14,297.0756059,301.8607042,296.3578381,300.9834595,5827000
2025-08-15,298.4313935,298.4313935,293.028223,294.7329102,9026300
2025-08-18,294.0051937,296.2681414,293.8656133,295.9391479,5577500
2025-08-19,295.9391528,296.198356,289.7284971,289.9677429,8191900
2025-08-20,289.1004422,289.1004422,280.2778881,288.0636597,10091000
2025-08-21,286.887313,288.9708262,284.9932128,286.5682983,6067700
2025-08-22,286.7377895,295.44069,285.6511743,292.7291565,5810400
2025-08-25,292.8388147,294.8724953,291.213866,293.0083008,4965000
2025-08-26,293.9054923,296.3179686,293.7559637,295.8294983,4967100
2025-08-27,294.9322809,297.1753014,293.4668396,296.7366638,5646200
2025-08-28,297.1753016,299.846981,295.0618827,297.9528809,7194000
2025-08-29,294.6431989,294.6431989,288.2032457,289.3895569,13420900
2025-09-02,282.2118706,285.7807827,280.8660521,285.5913696,11543700
2025-09-03,286.4686118,287.036851,282.8997301,285.5415039,7249600
2025-09-04,284.355182,289.3097663,283.4180954,288.9608459,8079300
2025-09-05,294.1547259,294.2344643,288.3527717,292.3702698,9809600
2025-09-08,294.2244955,296.8961749,293.8855234,295.6001892,7223200
2025-09-09,296.2980338,297.0656343,294.1945631,296.8862,6797000
2025-09-10,299.6575743,301.4420303,297.8432126,299.8968201,10221400
2025-09-11,302.5984387,304.6121618,302.2295913,302.9872131,7312400
2025-09-12,304.1137325,304.6420872,302.1598207,303.3760376,5231900
2025-09-15,302.877579,306.2770051,302.070094,306.2171936,5390200
2025-09-16,307.4732664,307.7125427,304.6221525,306.2570496,4227600
2025-09-17,305.5492537,306.1972313,300.4351618,304.3031311,9647700
2025-09-18,312.5773811,317.6316616,311.6303461,315.9867859,16335600
2025-09-19,315.4185445,315.5282191,312.457756,314.7306824,8381600
2025-09-22,315.2889315,322.1376466,315.01978,321.1706543,11618100
2025-09-23,322.1575806,324.350738,319.0273061,320.7021179,9159000
2025-09-24,320.4030311,320.9612916,316.485229,320.1139221,8632200
2025-09-25,315.3088941,321.0310792,312.6272359,320.0640869,9592900
2025-09-26,320.6423125,321.4198918,317.1531692,320.8217468,6886100
2025-09-29,323.642936,325.8161664,321.4697056,321.6591187,5833600
2025-09-30,321.7488385,325.7065248,321.4298238,325.3476257,7459900
2025-10-01,323.2740931,333.0735874,323.104607,332.6549072,9911800
2025-10-02,338.6064046,338.9453462,335.5160144,337.1907959,8092600
2025-10-03,338.3571627,339.7229081,334.1402731,335.6356201,7770000
2025-10-06,344.3883844,347.4488686,342.3148499,342.3148499,10263200
2025-10-07,345.215845,345.5946712,335.5160158,336.0044861,9365700
2025-10-08,335.6854967,345.3852954,335.3764607,344.996521,7841500
2025-10-09,344.9666026,346.023312,341.3378791,344.1391602,5565500
2025-10-10,344.8968224,345.4151984,323.8223828,324.3308105,18804500
2025-10-13,336.4331584,340.0319457,333.9608403,338.696106,11760200
2025-10-14,332.0268775,338.0082661,329.2255963,332.4655151,7296700
2025-10-15,341.0388328,342.0157734,334.4692782,340.7198181,8283800
2025-10-16,345.0961998,346.0133289,338.7559126,342.2350769,9047500
2025-10-17,340.1615493,343.8600325,337.0911167,341.7665405,8396300
2025-10-20,344.9267275,348.9641524,344.5877858,346.1429443,6436900
2025-10-21,345.9834321,346.0233166,342.0955358,344.2288818,4391800
2025-10-22,341.7964476,343.7902437,331.3689026,337.5496826,8014200
2025-10-23,336.0044783,344.8370109,335.685494,343.7304382,6422600
2025-10-24,349.4925208,351.8452162,348.734899,350.0508118,5649300
2025-10-27,356.5605387,359.4814427,355.1050457,358.8234863,6663400
2025-10-28,358.4944993,363.5388316,357.3480727,361.9836426,5086000
2025-10-29,367.9351266,371.6236616,364.6852595,367.4665833,8102600
2025-10-30,366.2902502,368.7127052,362.4222808,362.6017456,6932700
2025-10-31,365.7419632,367.287143,359.3817488,361.8939209,4917900
2025-11-03,366.5494503,368.3239276,363.5587561,364.964386,4470500
2025-11-04,356.8695806,360.6677598,350.7087274,351.6657715,8269000
2025-11-05,352.0047156,363.1500287,351.6258895,358.3848572,8605400
2025-11-06,358.4745798,359.0328403,347.6283237,350.000946,9600500
2025-11-07,345.4650755,347.0999726,335.6356445,347.0401611,14723200
2025-11-10,356.4408887,358.8833011,352.85208,357.677063,9180700
2025-11-11,354.1480437,354.9356017,348.6551255,349.9610596,7661200
2025-11-12,355.0950896,356.3711179,351.8451923,354.4271545,5870700
2025-11-13,350.5392701,351.7853927,340.1914633,343.7503967,10654800
2025-11-14,334.2001041,347.8277143,332.7147357,343.9099121,12271200
2025-11-17,340.8793121,347.2594534,336.0044662,339.2443848,6921300
2025-11-18,334.7085253,336.7422058,328.0990862,332.2561646,12933100
2025-11-19,333.771442,341.9958511,332.4256235,338.387085,9842300
2025-11-20,347.777829,348.6949886,322.6859229,324.0915527,14686700
2025-11-21,323.991878,330.5913384,314.0727299,325.1183777,17298700
2025-11-24,327.979451,339.5135685,327.809965,338.0680542,10650900
2025-11-25,333.6917017,339.6631114,326.3345891,338.9553223,12052700
2025-11-26,343.18215,349.213371,342.3646863,346.6314087,5533300
2025-11-28,348.0869174,351.4763648,346.6314243,351.1872559,3352700
2025-12-01,347.7679063,353.9088022,346.9803482,351.8651428,3902000
2025-12-02,354.7461818,359.6708607,353.0514429,358.3150635,6657900
2025-12-03,358.5842491,363.4490862,355.1250116,363.2397461,4642700
2025-12-04,362.1331869,363.2397291,358.4845365,360.4783325,3971800
2025-12-05,363.3294658,367.4366811,362.4123366,363.2896118,3619200
2025-12-08,366.9581829,369.570051,364.6054877,367.4067688,4334300
2025-12-09,365.9014656,368.4136377,364.2167054,367.8553772,3173300
2025-12-10,367.7656718,374.4249436,365.7918026,372.9395752,5653300
2025-12-11,368.6329598,370.0684954,360.5580795,369.7395325,7499900
2025-12-12,365.8516189,366.4198581,351.7854015,353.0215454,12705900
2025-12-15,357.0191163,358.0858046,351.0975392,351.8053284,5605800
2025-12-16,350.4794497,353.2907095,347.2295524,350.8482971,5849200
2025-12-17,351.7953658,351.7953658,337.0113507,338.1876831,10780400
2025-12-18,349.7517119,350.9978345,344.7572429,346.1728516,8260200
2025-12-19,349.2233502,357.4178533,349.2233502,355.125,8838700
2025-12-22,362.4100037,362.480011,357.769989,359.7000122,4799500
2025-12-23,358.6000061,363.2999878,358.0599976,363.1600037,3542100
2025-12-24,362.7000122,364.5400085,362.1499939,364.1700134,1640500
2025-12-26,366.0700073,367.3500061,364.4899902,365.8599854,2921300
2025-12-29,362.6600037,365.8200073,360.8200073,364.2099915,4874400
2025-12-30,365.1600037,366.2399902,363.0700073,363.3099976,2927000
2025-12-31,364.8299866,365.5700073,360.0700073,360.1300049,2687300
2026-01-02,368.9500122,376.3399963,368.8399963,373.2999878,8972400
2026-01-05,381.7200012,383.9899902,376.9400024,377.5899963,9071300
2026-01-06,382.3999939,389.3699951,382.1400146,387.6199951,10201200
2026-01-07,385.2000122,387.8099976,383.5899963,385.019989,6058900
2026-01-08,384.5599976,384.7399902,375.8599854,378.980011,5724000
2026-01-09,382.2799988,390.8800049,380.0799866,389.2200012,6490800
2026-01-12,385.6700134,391.980011,385.6700134,390.6600037,5532000
2026-01-13,392.269989,396.1000061,390.3800049,391.5299988,5281600
2026-01-14,388.9599915,389.3399963,383.8099976,388.3500061,6696500
2026-01-15,401.0700073,403.6199951,396.1199951,396.4100037,9948100
2026-01-16,402.8500061,405.3099976,398.4200134,400.3900146,5485900
2026-01-20,393.1600037,397.1600037,389.4299927,390.3900146,7158500
2026-01-21,394.75,405.8800049,393.3699951,401.9299927,8754600
2026-01-22,408.1799927,408.730011,401.5700073,402.8200073,5462600
2026-01-23,400.5,403.0899963,397.5299988,400.0899963,5869500
2026-01-26,398.3999939,400.7399902,396.2200012,398.8200073,4326900
2026-01-27,403.8999939,409.3900146,402.2099915,407.25,6145600
2026-01-28,415.3399963,418.4899902,413.1300049,416.6300049,7641900
2026-01-29,417.4400024,420.6000061,403.1700134,417.519989,9352500
2026-01-30,411.2799988,416.6400146,400.5799866,403.4599915,9029000
2026-02-02,398.8599854,412.0400085,398.4299927,407.9700012,5946300
2026-02-03,411.0299988,412.5799866,390.519989,397.6799927,12188600
2026-02-04,394.6700134,396.7099915,374.2399902,382.019989,16908500
2026-02-05,379.1400146,388.0799866,375.5599976,381.0700073,12007800
2026-02-06,389.2000122,403.0799866,387.1900024,401.6499939,13460300
2026-02-09,398.9100037,409.6900024,397,406.6499939,5915200
2026-02-10,408.1799927,408.7999878,401.8299866,404.7600098,5645300
2026-02-11,413.8399963,418.0799866,406.3599854,414.7799988,6211200
2026-02-12,418.3299866,420.0400085,405.2799988,406.1099854,7379100
2026-02-13,408.1499939,412.0700073,402.4899902,407.7200012,6481600
2026-02-17,402.7099915,410.8699951,397.769989,407.5100098,7312700
2026-02-18,411.4400024,417.0400085,408.7200012,412.5499878,5839900
2026-02-19,408.7099915,411,405.5599976,410.2000122,4056400
2026-02-20,407.6600037,416.8299866,407.1799927,415.0299988,5715800
2026-02-23,413.5700073,417.7000122,409.2799988,412.8800049,5842800
2026-02-24,417.2200012,421.6700134,411.6700134,419.1600037,7828900
2026-02-25,424.3500061,427.9400024,423.6799927,426.1600037,7714500
2026-02-26,423.7200012,423.7200012,405.5599976,412.0100098,14811300
2026-02-27,403.2600098,409.2399902,401.8800049,406.3699951,9049100
2026-03-02,397.25,407.3599854,396.9200134,406.3900146,11490200
2026-03-03,391.3599854,394.5400085,385.9299927,391.0599976,13768900
2026-03-04,396.25,401.230011,393.1000061,399.1000061,8767200
2026-03-05,396.0599976,401.1099854,386.75,395.3500061,11793700
2026-03-06,384.9700012,392.6700134,378.5299988,380.5599976,12423200
2026-03-09,375.7600098,395.3599854,374.1600037,394.3699951,16338100
2026-03-10,394,403.8800049,394,397.3299866,13687700
2026-03-11,400.0100098,404.3900146,398.6900024,401.0299988,6024900
2026-03-12,395.4599915,396.0599976,386.7399902,388.1300049,9845200
2026-03-13,392.3200073,396.3299866,386.0700073,387.3299866,7636100
2026-03-16,395.1400146,399.480011,392.6400146,393.9200134,10317600
2026-03-17,397.1600037,397.6099854,393.2200012,396.8800049,6646300
2026-03-18,396.9599915,399.6900024,393.4700012,393.6700134,8372400
2026-03-19,384,397.5299988,381.4400024,394.9200134,12674800
2026-03-20,394.1099854,395.730011,380.8699951,384.7399902,12846800
2026-03-23,393.3599854,399.2799988,389.4400024,391.3599854,12742300
2026-03-24,388.0299988,396.8800049,387.6199951,394.5899963,6177200
2026-03-25,398.3599854,402.5,395.7399902,399.019989,7388700
2026-03-26,391.9200134,392.6799927,380.2999878,380.8399963,14806200
2026-03-27,377.7900085,381.3099976,373.0100098,374.25,11811400
2026-03-30,377.6199951,379.2399902,359.8599854,362.5299988,12198200
2026-03-31,368.7399902,383.5,368.1000061,383.3999939,13834900
2026-04-01,388.2600098,396.6300049,386.3800049,391.9700012,10805400
2026-04-02,378.0700073,393.5,378,392.3200073,8505800
2026-04-06,393.75,397.1000061,391.8999939,395.980011,4186100
2026-04-07,394.7099915,400.0899963,389.6400146,399.8999939,6672500
2026-04-08,423.1600037,424.9899902,414.9899902,422.9200134,10184300
2026-04-09,423.1700134,430.6499939,422.6300049,430.3099976,6018200
2026-04-10,434.4500122,441.5400085,434.4500122,436.8800049,11224200
2026-04-13,434.75,443.6400146,433.6000061,443.3399963,6549800
2026-04-14,448,452.1000061,444.2399902,452,6932400
2026-04-15,450.7000122,453.3299866,435.1499939,453,9155700
2026-04-16,450.730011,457.0899963,447.769989,454.7999878,6450700
2026-04-17,462.7999878,464.5799866,459.5,464.1600037,7184600
2026-04-20,464.6400146,465.7399902,458.6499939,463.9599915,3935100
2026-04-21,466.2900085,468.4299927,462.2399902,464.6600037,5598600
2026-04-22,471.0499878,477.4200134,467.1700134,476.8299866,7835200
2026-04-23,480.3999939,488.0799866,475.1900024,481.8500061,10619700
2026-04-24,499.5100098,509.5899963,495.4599915,506.4400024,12614300
2026-04-27,509.1900024,510.1000061,497.75,506.2600098,9040200
2026-04-28,488.1900024,496.6600037,483.2900085,491.2099915,12664800
2026-04-29,496.3500061,499.5799866,492.3399963,499.5799866,6007900
2026-04-30,504.7099915,507.7900085,495.019989,506.7200012,8401600
2026-05-01,504.2099915,511.9899902,502.25,509.8200073,5308300
2026-05-04,512.4699707,513.1500244,501.1499939,506.7900085,6867500
2026-05-05,515.3800049,526.2000122,514.1199951,522.6900024,8624600
2026-05-06,537.7700195,549.8800049,532.3499756,549.7600098,15262900
2026-05-07,545.7700195,549.7000122,535.9199829,540.0999756,10905200
2026-05-08,551.5800171,566.789978,549,566.539978,8553700
2026-05-11,570.2600098,578.0599976,566.7999878,576.3099976,12680900
2026-05-12,565.0100098,570.4000244,542.6699829,561.25,17720800
2026-05-13,571.7999878,576.2000122,560.1199951,572.460022,9586700
2026-05-14,570.8400269,581.1699829,567.75,578.3400269,8458700
2026-05-15,560.3099976,565.8800049,552.9099731,556.3400269,13009600
2026-05-18,565.4799805,567.210022,536.8699951,546.1599731,12317500
2026-05-19,534.9400024,553.3400269,527.8699951,543.960022,11905800
2026-05-20,552.75,564.7199707,551.6500244,564.6599731,8892200
2026-05-21,561.0200195,570.5999756,557.6199951,567.8800049,8293800
2026-05-22,574.2700195,582.5,572.8599854,576.3200073,7535000
2026-05-26,591.5800171,603.9699707,589.0999756,602.1400146,10008500
2026-05-27,611.9400024,612.2999878,584.9299927,595.5,11209000
2026-05-28,595.8099976,604.7399902,587.3099976,599.8300171,7625000
2026-05-29,606.0300293,611.789978,597.1199951,598.9299927,7596100
2026-06-01,596.0999756,613.4299927,593.0900269,607.8099976,8649000
2026-06-02,619.5999756,632.5700073,614.4699707,632.210022,8083500
2026-06-03,640.7999878,642.7700195,623.9099731,637.9000244,10179900
2026-06-04,613,634.7800293,604.6099854,627.5300293,10462900
2026-06-05,605.0900269,607,569.6900024,569.6900024,22038000
2026-06-08,597.210022,606.2000122,588.539978,598.1599731,13823900
2026-06-09,609.4799805,613.6900024,554.6599731,591.0100098,20329700
2026-06-10,580.7600098,598.7299805,568.289978,570.9099731,12711400
2026-06-11,582.6099854,611.6199951,581.6099854,609.4500122,12196800
2026-06-12,607.9500122,624.6199951,602.210022,619.960022,8963300
2026-06-15,643.5,649.2399902,639.25,647.0999756,9613900
2026-06-16,643.5200195,648.3099976,616,616,10949600
2026-06-17,633.460022,643.5,623.1300049,623.9699707,10658800
2026-06-18,648.5499878,663.7999878,648.1500244,659.8800049,11229700
2026-06-22,670.3499756,671.8300171,660.0200195,668.9099731,8043000
2026-06-23,625.9299927,636.8800049,617.2700195,622.0499878,19126000
2026-06-24,622.2800293,625.2299805,606.2299805,618.9199829,11902000
2026-06-25,649.3699951,650.0300293,613.9299927,636.8800049,14877600
2026-06-26,616.789978,621.710022,609,611.6099854,12728300
2026-06-29,615.0300293,633.2600098,596.1699829,631.9799805,10473900
2026-06-30,636.0700073,659.7399902,634.5999756,655.8900146,9406900
2026-07-01,634.3499756,639.8900146,618.6199951,620.460022,13424700
2026-07-02,622.5800171,627.7000122,582.5999756,592.289978,21288600
2026-07-06,607.0499878,618.210022,604.0499878,604.2999878,9820700
2026-07-07,580.0200195,585.9699707,566.8300171,581.4500122,14619200
2026-07-08,575.3300171,595,575.039978,593,9521300
2026-07-09,615.4799805,618.1699829,604.7000122,607.7299805,9045100
2026-07-10,600.8699951,615.0499878,595.8400269,611.0300293,6608400
2026-07-13,598.0100098,599.3599854,583.0900269,585.6199951,8736500
2026-07-14,608.9000244,608.9000244,590.3800049,600.3099976,7581100
2026-07-15,606.8800049,606.8800049,573.7199707,590.7700195,11020800
2026-07-16,575.75,581.8400269,564.4500122,568.9199829,12353300
2026-07-17,547.9400024,567.4099731,536.8099976,556.5300293,22083900
2026-07-20,568.7800293,572.7700195,557.2399902,558.8300171,6962600
2026-07-21,580.960022,586,572.0499878,584.0800171,7129800
2026-07-22,571.3499756,592.0100098,571.3499756,586.9099731,5249700
2026-07-23,577.2000122,586.8900146,574,580.1699829,7963200
2026-07-24,574.4299927,578.5200195,556.4899902,561.1900024,19156400
2026-07-27,565.9400024,567.6199951,535.3099976,548.5499878,38682200
2026-07-28,531.6500244,535.9400024,518.25,529.5999756,18429000
2026-07-29,525.9899902,532.1699829,503.6300049,504.2200012,19440900
2026-07-30,529.8599854,544.6400146,524.5599976,538.9000244,14175000
2026-07-31,557.5,561.4400024,535.2399902,540.5300293,14673900
2026-08-03,530.4299927,548.4899902,524.7700195,545.460022,7283800
2026-08-04,564.289978,578.6300049,562.2800293,575.710022,9566200
2026-08-05,574.4099731,585,568.3800049,569.7000122,6209400
2026-08-06,565.4799805,580.4299927,559.5599976,571.4799805,6231700
2026-08-07,583.5800171,586.0900269,572.3200073,582.7000122,6505000
2026-08-10,585.9899902,586.2399902,569.2000122,569.4099731,6476700
2026-08-11,578.5700073,578.5999756,569.1699829,572.9299927,5029000
2026-08-12,590.5499878,590.5700073,583.789978,584.8300171,7414100
2026-08-13,586.3800049,597.9500122,585.0100098,589.1199951,6786000
2026-08-14,587.5100098,590.3300171,581.8699951,587.8200073,5524300
2026-08-17,593.7199707,600.3699951,591.5,594.0700073,7700500
2026-08-18,574.3599854,577.7600098,562.6300049,569.7700195,11364400
2026-08-19,575.0599976,576.8400269,556.3200073,560.9199829,8713300
2026-08-20,559.3800049,566,557.2600098,562.6500244,6240600
2026-08-21,569.4400024,569.4400024,556.0999756,560.4199829,9619300
2026-08-24,554.1799927,554.1799927,540.75,546.7999878,7743300
2026-08-25,555.3800049,560.3800049,550.6599731,555.8200073,6038900
2026-08-26,554.4699707,557.7800293,550.539978,555.7700195,3865000
2026-08-27,569.3699951,573.210022,562.539978,573,6562500
2026-08-28,568.7199707,570.1199951,552.2999878,553.1099854,6461800
2026-08-31,554.3800049,558.4299927,552.789978,556.6300049,4317100
2026-09-01,546.4799805,549.8800049,540.8499756,545.2199707,6195100
2026-09-02,545.2299805,553.1900024,541.7199707,550.4799805,5127100
2026-09-03,546.7700195,553.7399902,540.0700073,552.5999756,5623500
2026-09-04,560.5,569.4000244,557.7199707,567.0100098,9451200
2026-09-08,578.7000122,580.5700073,572,573.7299805,8300300
2026-09-09,569.9000244,577.5700073,569.9000244,574.289978,3458300
2026-09-10,561.539978,565.1500244,557.0900269,560.2800293,6621000
2026-09-11,568.8300171,572.7999878,564,568.5300293,5199300
2026-09-14,539.9899902,546.7600098,537.7299805,541.5,10627900
2026-09-15,546.5700073,548.1900024,540.1099854,542.1099854,6113700
2026-09-16,549.9500122,553.1699829,540.4500122,545.5599976,5998800
2026-09-17,560.0999756,561.7700195,557.5599976,560.6099854,6164200
2026-09-18,562.8800049,580.8099976,562.75,573,6296500
2026-09-21,581.9000244,598.6199951,578.5100098,596.0300293,9886000
2026-09-22,591.6699829,608.6699829,591.0100098,607.460022,6631100
2026-09-23,604.3900146,606.289978,593.789978,601.4099731,6116400
2026-09-24,591.6199951,602.0300293,588.9199829,600.5200195,5645400
2026-09-25,605.5700073,609.6599731,602.2199707,606.5599976,4656600
