sym,set,t,side,R,how,stop_pct,rate
AVAXUSDT,held-out,2025-11-19 08:00:00,1,-1.0138594223981856,stop,10.101431068175607,-0.00036276
AVAXUSDT,held-out,2025-11-22 16:00:00,1,1.3207188062279118,time,10.562031365087364,-0.00030168
AVAXUSDT,held-out,2025-11-29 00:00:00,1,-1.019546368602194,stop,7.162455740463565,-0.00035723
AVAXUSDT,held-out,2025-12-05 16:00:00,1,0.8195115502686203,time,7.563507121389572,-0.00048547
AVAXUSDT,held-out,2025-12-11 08:00:00,1,-1.0193196568285239,stop,7.2465055276396475,-0.00043297
AVAXUSDT,held-out,2025-12-23 00:00:00,1,0.4240776563654518,time,6.6461278621336035,-0.00040648
AVAXUSDT,held-out,2026-01-29 16:00:00,1,-1.0235920856316718,stop,5.934193448842601,-0.00040579
AVAXUSDT,held-out,2026-03-06 16:00:00,1,1.1797610571287351,time,6.761212536871154,-0.00022904
AVAXUSDT,held-out,2026-03-22 16:00:00,1,-0.6708075432174617,time,5.643413726859226,-0.00024677
AVAXUSDT,held-out,2026-04-02 08:00:00,1,-0.27068040647528263,time,5.662468103234789,-0.00021589
AVAXUSDT,held-out,2026-04-07 08:00:00,1,1.986079021198752,target,5.746722349209277,-0.00039068
AVAXUSDT,held-out,2026-05-03 08:00:00,1,1.3951452292674116,time,4.161331433171691,-0.00020803
AVAXUSDT,held-out,2026-05-28 08:00:00,1,-0.44063276494001286,time,4.56924953751108,-0.0001485
AVAXUSDT,held-out,2026-06-09 16:00:00,1,-0.21067572495898707,time,7.449646802974325,-0.00015089
AVAXUSDT,held-out,2026-06-18 00:00:00,1,-1.0230751156742772,stop,6.067141849956723,-0.00015109
AVAXUSDT,held-out,2026-06-20 00:00:00,1,1.1582350102172911,time,7.445694974433617,-0.00018652
AVAXUSDT,held-out,2026-07-08 08:00:00,1,0.49166791552289535,time,5.9188519103722905,-0.00017907
AVAXUSDT,held-out,2026-07-24 00:00:00,1,0.45073896674244807,time,4.7409438887254645,-0.0001954
AVAXUSDT,held-out,2026-08-02 00:00:00,1,1.983374465904563,target,4.811875488677176,-0.00021252
AVAXUSDT,held-out,2026-08-12 00:00:00,1,0.11306326958870458,time,4.59758007634427,-0.00024723
BNBUSDT,held-out,2026-02-19 16:00:00,1,-0.3541448844073128,time,5.939127254131962,-7.139e-05
BNBUSDT,held-out,2026-03-19 00:00:00,1,-1.0362775637848098,stop,3.859134555739409,-5.147e-05
BNBUSDT,held-out,2026-03-22 16:00:00,1,-1.0372718935071186,stop,3.756181584207998,-7.288e-05
BNBUSDT,held-out,2026-03-27 16:00:00,1,0.09414483459445197,time,3.6916518564903242,-2.719e-05
BNBUSDT,held-out,2026-08-20 00:00:00,-1,-1.0676029831456553,stop,2.0709145289988236,0.00021922
BTCUSDT,design,2020-04-01 08:00:00,1,1.186677165662829,time,10.14147786559763,-0.0004868
BTCUSDT,design,2020-04-16 08:00:00,1,-0.23611368628108895,time,6.677567516087865,-0.00046001
BTCUSDT,design,2020-04-30 08:00:00,-1,0.7247970227351631,time,4.651522056936382,0.00097517
BTCUSDT,design,2020-05-09 08:00:00,-1,1.9841512659991636,target,5.047721792527906,0.00075816
BTCUSDT,design,2020-06-02 00:00:00,-1,1.984378811020541,target,5.121249099872944,0.0003448
BTCUSDT,design,2020-06-02 12:00:00,-1,1.1349397241075232,time,5.172407249278171,0.0007831
BTCUSDT,design,2020-07-26 16:00:00,-1,-1.0642682746375323,stop,2.1783687330893584,0.00065437
BTCUSDT,design,2020-07-27 00:00:00,-1,-1.0579052087042609,stop,2.417744502312767,0.00047138
BTCUSDT,design,2020-07-27 08:00:00,-1,-1.059231339969051,stop,2.3636135882313574,0.00086993
BTCUSDT,design,2020-07-27 16:00:00,-1,-1.0600855955908177,stop,2.3300093578733687,0.00051888
BTCUSDT,design,2020-07-28 00:00:00,-1,-1.0469849821503716,stop,2.979675496139205,0.00139484
BTCUSDT,design,2020-08-02 00:00:00,-1,1.9759698851891863,target,3.3291559624176092,0.00095567
BTCUSDT,design,2020-08-10 08:00:00,-1,0.254725370796261,time,3.90040449295025,0.00131898
BTCUSDT,design,2020-08-17 16:00:00,-1,1.9780511260009956,target,3.6448338991616924,0.0008576
BTCUSDT,design,2020-09-15 00:00:00,1,0.5640350261801248,time,4.2510342857404195,-0.0002227
BTCUSDT,design,2020-09-20 04:00:00,1,-1.0373197809070591,stop,3.751361787162021,-6.476e-05
BTCUSDT,design,2020-09-21 12:00:00,1,-1.0367788814015626,stop,3.8065322996487767,-0.00012071
BTCUSDT,design,2020-09-23 20:00:00,1,0.9532598287760867,time,4.003322221087037,-5.506e-05
BTCUSDT,design,2020-10-05 00:00:00,1,1.97398688667841,target,3.075371986851052,-3.381e-05
BTCUSDT,design,2020-10-29 00:00:00,1,0.22907045365662562,time,3.4600635091973,-0.00026006
BTCUSDT,design,2020-11-03 00:00:00,1,1.9777374311534412,target,3.593475692377989,-0.00017064
BTCUSDT,design,2020-11-18 12:00:00,-1,-0.05397482761957431,time,4.045063418012435,0.00057572
BTCUSDT,design,2020-11-23 20:00:00,-1,-1.0312554012695154,stop,4.479225807814126,0.00108391
BTCUSDT,design,2020-11-24 20:00:00,-1,1.9813854283696328,target,4.29770835389466,0.00081176
BTCUSDT,design,2020-12-17 20:00:00,-1,-1.0332663260284782,stop,4.208459926718393,0.00054618
BTCUSDT,design,2020-12-19 16:00:00,-1,0.231255247787913,time,4.5193337093596115,0.00070544
BTCUSDT,design,2020-12-27 20:00:00,-1,-1.02900923354623,stop,4.826049601651552,0.00071164
BTCUSDT,design,2020-12-30 12:00:00,-1,-1.0276232272197832,stop,5.068198544872961,0.00076836
BTCUSDT,design,2021-01-02 20:00:00,-1,1.9810012919881028,target,4.21081264841289,0.00115471
BTCUSDT,design,2021-01-03 04:00:00,-1,-1.028544217991288,stop,4.904671063075867,0.00124058
BTCUSDT,design,2021-01-03 08:00:00,-1,1.9827471461092987,target,4.636914014736822,0.00114744
BTCUSDT,design,2021-01-04 08:00:00,-1,1.9847714101946385,target,5.253276962771364,0.00236482
BTCUSDT,design,2021-01-05 04:00:00,-1,-1.0219362736571762,stop,6.382123153090818,0.00088338
BTCUSDT,design,2021-01-06 04:00:00,-1,-1.0220262199109067,stop,6.3560611201686825,0.00127193
BTCUSDT,design,2021-01-07 04:00:00,-1,-1.0230272353368015,stop,6.0797572071648505,0.00100316
BTCUSDT,design,2021-01-07 20:00:00,-1,-1.0239712169559292,stop,5.840337612286793,0.00099841
BTCUSDT,design,2021-01-08 16:00:00,-1,1.9864244588494173,target,5.8929510884777,0.00131892
BTCUSDT,design,2021-01-15 20:00:00,-1,-0.10431142426997679,time,9.975227069177544,0.00118185
BTCUSDT,design,2021-01-29 16:00:00,-1,0.07180876070007594,time,8.974708117581436,0.00166789
BTCUSDT,design,2021-02-07 00:00:00,-1,-1.0181818037564747,stop,7.700006109137808,0.00155546
BTCUSDT,design,2021-02-08 16:00:00,-1,-1.0206563381401175,stop,6.777580762395628,0.00248993
BTCUSDT,design,2021-02-09 12:00:00,-1,-0.6614378820377594,time,7.278071249538636,0.00186573
BTCUSDT,design,2021-02-14 20:00:00,-1,-1.0204580314171883,stop,6.8432781798534155,0.00149489
BTCUSDT,design,2021-02-18 08:00:00,-1,-1.021866164738448,stop,6.402585989569282,0.00154303
BTCUSDT,design,2021-02-20 00:00:00,-1,1.9867890821106804,target,6.055597398321277,0.00156318
BTCUSDT,design,2021-04-10 12:00:00,-1,-1.0296136171333181,stop,4.72755487348039,0.00148624
BTCUSDT,design,2021-05-19 20:00:00,1,-1.0134622178974517,stop,10.399475113718083,-0.00089697
BTCUSDT,design,2021-05-21 08:00:00,1,-1.0111614492579042,stop,12.543173987988665,-1.001e-05
BTCUSDT,design,2021-05-22 04:00:00,1,-1.0098176824822354,stop,14.259984497698378,-0.00024448
BTCUSDT,design,2021-05-24 04:00:00,1,0.1538854078989065,time,15.003547504777814,-8.534e-05
BTCUSDT,design,2021-06-09 12:00:00,1,1.5030713647705605,time,10.666080697284446,-5.397e-05
BTCUSDT,design,2021-06-14 16:00:00,1,-1.0157363331542864,stop,8.89660879871913,-3.144e-05
BTCUSDT,design,2021-06-19 04:00:00,1,-1.0151925802914756,stop,9.215024526054519,-5.205e-05
BTCUSDT,design,2021-06-21 20:00:00,1,-1.0146839086323407,stop,9.534246194617193,-0.00019854
BTCUSDT,design,2021-06-22 20:00:00,1,0.6959548799799465,time,9.896255711959117,-0.00032806
BTCUSDT,design,2021-06-27 20:00:00,1,0.28722776482472534,time,10.082657597543859,-0.00026102
BTCUSDT,design,2021-07-03 08:00:00,1,-0.6546109442187401,time,8.246087937831911,-0.0001355
BTCUSDT,design,2021-07-08 20:00:00,1,-0.144533235232844,time,7.470958365727657,-0.0002808
BTCUSDT,design,2021-07-20 20:00:00,1,1.9872436920412377,target,6.27140707629657,-0.00018939
BTCUSDT,design,2021-07-25 04:00:00,1,1.9850094591832024,target,5.336698720726379,-0.00025685
BTCUSDT,design,2021-07-26 00:00:00,1,1.9843034109413404,target,5.096648685968224,-0.00054841
BTCUSDT,design,2021-08-21 12:00:00,-1,0.6802263683595221,time,5.130960578407981,0.00020013
BTCUSDT,design,2021-08-26 12:00:00,-1,-1.0286478744870662,stop,4.8869245103404255,0.00021865
BTCUSDT,design,2021-08-28 08:00:00,-1,-0.5106621934801076,time,4.858530079555966,0.0003224
BTCUSDT,design,2021-09-02 12:00:00,-1,-1.0315459804187705,stop,4.437966363432386,0.0004869
BTCUSDT,design,2021-10-07 12:00:00,-1,-1.0273001685534364,stop,5.128173466254184,0.0002918
BTCUSDT,design,2021-10-15 12:00:00,-1,-1.0285753991329243,stop,4.899319143321916,0.00036685
BTCUSDT,design,2021-10-16 04:00:00,-1,-1.0274704724661485,stop,5.096381220691428,0.00048084
BTCUSDT,design,2021-10-20 20:00:00,-1,1.9828783582138796,target,4.672449114363097,0.00063237
BTCUSDT,design,2021-10-25 04:00:00,-1,0.13783188872136531,time,5.0235587236150145,0.00048777
BTCUSDT,design,2021-10-31 12:00:00,-1,-1.0263094385674525,stop,5.321284209127689,0.00048915
BTCUSDT,design,2021-11-02 20:00:00,-1,0.06703883123273052,time,4.947791093251873,0.00047797
BTCUSDT,design,2021-11-08 08:00:00,-1,-1.0321225645951915,stop,4.35830705811568,0.00049328
BTCUSDT,design,2021-11-10 12:00:00,-1,0.7170593636982675,time,4.4229829594986345,0.00068212
BTCUSDT,design,2021-12-14 04:00:00,1,0.15583155566493997,time,7.206523354691904,-4.93e-06
BTCUSDT,design,2021-12-31 04:00:00,1,-0.35822263584278835,time,5.207244568414824,-3.102e-05
BTCUSDT,design,2022-01-12 04:00:00,1,-0.007867314831141763,time,5.372035227107422,-4.772e-05
BTCUSDT,design,2022-01-22 04:00:00,1,-1.022285092647601,stop,6.282226518590249,-1.051e-05
BTCUSDT,design,2022-01-23 12:00:00,1,-1.0215334435876344,stop,6.501514698763526,-1.256e-05
BTCUSDT,design,2022-01-25 20:00:00,1,0.31349359576734537,time,6.726156166717935,-0.00010008
BTCUSDT,design,2022-01-31 08:00:00,1,1.986557406211492,target,5.9512324227479825,-7.369e-05
BTCUSDT,design,2022-02-07 20:00:00,1,-1.0291362733927714,stop,4.805007082159429,-9.617e-05
BTCUSDT,design,2022-02-11 20:00:00,1,0.4815856935622821,time,5.187240722054889,-7.643e-05
BTCUSDT,design,2022-02-20 20:00:00,1,-1.0269976899477702,stop,5.185628854574005,-7.517e-05
BTCUSDT,design,2022-02-23 12:00:00,1,-1.026426491287835,stop,5.297714269939701,-0.00012603
BTCUSDT,design,2022-02-24 12:00:00,1,1.986294926225153,target,5.8372542398732055,-0.00016045
BTCUSDT,design,2022-02-24 20:00:00,1,1.9855645428190056,target,5.541909687857128,-9.21e-05
BTCUSDT,design,2022-03-07 12:00:00,1,0.26295030997413466,time,6.329583824694963,-8.983e-05
BTCUSDT,design,2022-03-14 04:00:00,1,1.4612057940448169,time,6.122542586434795,-8.009e-05
BTCUSDT,design,2022-03-27 04:00:00,1,0.11160338668220735,time,4.123609140842212,-8.253e-05
BTCUSDT,design,2022-04-12 12:00:00,1,-0.0031830869224000156,time,4.564327475575667,-0.00010012
BTCUSDT,design,2022-04-18 12:00:00,1,1.9811108473982353,target,4.2352349883882985,-0.00017197
BTCUSDT,design,2022-04-22 12:00:00,1,-1.0322187462179295,stop,4.345296339374338,-0.00016984
BTCUSDT,design,2022-04-27 04:00:00,1,0.25998931940870207,time,4.647331158187435,-0.0001264
BTCUSDT,design,2022-05-06 04:00:00,1,-1.0276748826357431,stop,5.058738706959659,-0.0001346
BTCUSDT,design,2022-05-12 04:00:00,1,-1.018068061199172,stop,7.748479400015353,-0.00018773
BTCUSDT,design,2022-05-12 08:00:00,1,1.1337161444874555,time,7.886937700967232,-0.00041995
BTCUSDT,design,2022-05-24 04:00:00,1,-0.17521854952396515,time,6.8076483059986685,-0.00012372
BTCUSDT,design,2022-06-07 12:00:00,1,-1.0262270467292567,stop,5.338000936408417,-0.00010234
BTCUSDT,design,2022-06-30 16:00:00,1,0.823542030471211,time,7.840621858018736,-0.00015879
BTCUSDT,design,2022-08-19 20:00:00,1,0.00894622898362122,time,4.6463305767788095,-6.746e-05
BTCUSDT,design,2022-08-27 12:00:00,1,-0.4698652451868234,time,4.9202594946550295,-6.29e-05
BTCUSDT,design,2022-09-07 04:00:00,1,1.9822276813106825,target,4.501382256221088,-8.601e-05
BTCUSDT,design,2022-09-19 12:00:00,1,0.43158799223647076,time,4.972525828970059,-9.289e-05
BTCUSDT,design,2022-11-09 00:00:00,1,-1.0317193847121322,stop,4.413704782440261,-0.00013884
BTCUSDT,design,2022-11-09 20:00:00,1,-1.0286955589722933,stop,4.878803724826385,-0.00032976
BTCUSDT,design,2022-11-10 04:00:00,1,0.4713289980054633,time,5.942225576263975,-0.00119172
BTCUSDT,design,2022-11-15 04:00:00,1,-0.12182644950322585,time,6.29450213303101,-0.00010925
BTCUSDT,design,2023-01-14 12:00:00,-1,-1.0657618957512613,stop,2.128892398867844,0.00045847
BTCUSDT,design,2023-02-16 20:00:00,-1,0.48095413407070076,time,3.187557846568766,0.00023171
BTCUSDT,design,2023-03-03 12:00:00,1,-0.286149068724004,time,3.7796843412229095,-4.203e-05
BTCUSDT,design,2023-03-10 00:00:00,1,1.9804726261137788,target,4.096813041330124,-8.895e-05
BTCUSDT,design,2023-03-12 20:00:00,1,1.979980354116564,target,3.9960746791325783,-4.068e-05
BTCUSDT,design,2023-03-14 20:00:00,-1,-1.0337947284765558,stop,4.142657932497405,0.00029811
BTCUSDT,design,2023-03-23 12:00:00,1,-0.5261634439957141,time,4.823225685731625,-1.09e-05
BTCUSDT,design,2023-03-31 04:00:00,1,0.2346175093561106,time,4.687159115232677,-2.712e-05
BTCUSDT,design,2023-04-06 16:00:00,1,1.980721388155475,target,4.149676369085656,-2.975e-05
BTCUSDT,design,2023-04-15 04:00:00,1,-1.0429453475827921,stop,3.259957315052614,-4.975e-05
BTCUSDT,design,2023-05-01 12:00:00,1,0.05756726868103626,time,3.6738668415758444,-6.37e-05
BTCUSDT,design,2023-05-15 12:00:00,1,-0.43724165487480465,time,3.6184088300202277,-1.576e-05
BTCUSDT,design,2023-06-06 00:00:00,1,-0.0312893327563519,time,3.2506270378132154,-7.157e-05
BTCUSDT,design,2023-06-15 00:00:00,1,1.976850512154175,target,3.455799995783857,-3.265e-05
BTCUSDT,design,2023-06-20 16:00:00,1,1.9744283165585217,target,3.1284604387928816,-2.597e-05
BTCUSDT,design,2023-07-07 16:00:00,1,-0.1812091158137548,time,3.0971485106846064,-6.58e-06
BTCUSDT,design,2023-07-13 00:00:00,1,-0.4191146130797932,time,2.729330202706869,-1.135e-05
BTCUSDT,design,2023-08-18 08:00:00,1,-1.0553288844627529,stop,2.5303239231986936,-4.6e-07
BTCUSDT,design,2023-08-19 00:00:00,1,0.4881996625103693,time,2.7145748565803465,-2.74e-06
BTCUSDT,design,2023-08-24 00:00:00,1,-1.0544330175428458,stop,2.5719683809519056,-2.822e-05
BTCUSDT,design,2023-08-29 16:00:00,1,-1.0656220950082604,stop,2.1334277728008657,-0.00010934
BTCUSDT,design,2023-09-02 16:00:00,1,-0.07027708419608406,time,3.045647790503249,-2.018e-05
BTCUSDT,design,2023-09-08 16:00:00,1,-1.0534672973846781,stop,2.61842297718454,-1.691e-05
BTCUSDT,design,2023-09-12 16:00:00,1,0.39558465290511263,time,2.4881883005845538,-3.502e-05
BTCUSDT,design,2023-09-18 16:00:00,1,-1.0600419518853126,stop,2.3317030110449606,-6.774e-05
BTCUSDT,design,2023-09-20 08:00:00,1,-1.056247516817984,stop,2.4889987668795728,-3.777e-05
BTCUSDT,design,2023-09-26 00:00:00,1,1.192008227125915,time,2.2610275497933827,-3.91e-05
BTCUSDT,design,2023-10-05 00:00:00,1,-0.2924767406927324,time,2.3308465767951474,-3.807e-05
BTCUSDT,design,2023-10-19 16:00:00,1,1.9684637584525313,target,2.5367639285608328,-0.00011006
BTCUSDT,design,2023-11-09 16:00:00,-1,1.9711941742135792,target,2.7772159907219947,0.00020027
BTCUSDT,design,2023-12-08 08:00:00,-1,-1.046554785953704,stop,3.0072096161976045,0.00023288
BTCUSDT,design,2023-12-09 08:00:00,-1,1.9732816108604099,target,2.9941924860080555,0.00030159
BTCUSDT,design,2023-12-20 16:00:00,-1,0.33304467406518923,time,3.4585087998309887,0.00023637
BTCUSDT,design,2023-12-25 16:00:00,-1,0.859744029553093,time,3.234078946549944,0.00037908
BTCUSDT,design,2023-12-30 16:00:00,-1,-1.0403479269497948,stop,3.469818912238111,0.00037842
BTCUSDT,held-out,2025-11-25 00:00:00,1,0.5867638153222784,time,4.846272483396418,-5.29e-05
BTCUSDT,held-out,2026-02-01 00:00:00,1,-1.0354093101229294,stop,3.9537624289760696,-3.267e-05
BTCUSDT,held-out,2026-02-02 08:00:00,1,-1.0340285109537124,stop,4.114197068171347,-3.043e-05
BTCUSDT,held-out,2026-02-05 16:00:00,1,-1.0262083003049545,stop,5.341819132526296,-4.957e-05
BTCUSDT,held-out,2026-02-06 08:00:00,1,0.5218464244677641,time,6.3702035143493765,-0.00013688
BTCUSDT,held-out,2026-02-11 08:00:00,1,0.38737920474290927,time,6.44065116459759,-8.417e-05
BTCUSDT,held-out,2026-02-16 16:00:00,1,0.23557487018189707,time,5.778125842461086,-4.112e-05
BTCUSDT,held-out,2026-02-23 08:00:00,1,-1.029975620613914,stop,4.670462099957852,-9.317e-05
BTCUSDT,held-out,2026-02-27 08:00:00,1,-1.029334745830176,stop,4.772497461218319,-8.123e-05
BTCUSDT,held-out,2026-02-28 16:00:00,1,1.983951526640475,target,4.984897828460328,-4.305e-05
BTCUSDT,held-out,2026-03-09 00:00:00,1,1.9844264070680608,target,5.136900672158457,-5.77e-05
BTCUSDT,held-out,2026-03-15 08:00:00,1,-0.36036275826311165,time,4.29918964058466,-6.461e-05
BTCUSDT,held-out,2026-03-22 16:00:00,1,-1.0329617717365926,stop,4.247344503165102,-6.837e-05
BTCUSDT,held-out,2026-03-28 00:00:00,1,0.03739573435293906,time,4.424063526514241,-8.088e-05
BTCUSDT,held-out,2026-04-02 16:00:00,1,0.771831714187987,time,3.98035124646082,-7.398e-05
BTCUSDT,held-out,2026-04-12 00:00:00,1,-1.0418158429335167,stop,3.348013340842769,-8.108e-05
BTCUSDT,held-out,2026-04-15 00:00:00,1,0.1409790083805565,time,3.4634296575884864,-9.313e-05
BTCUSDT,held-out,2026-04-27 08:00:00,1,-1.0479093169188785,stop,2.922187353183355,-8.659e-05
BTCUSDT,held-out,2026-05-06 00:00:00,1,-0.1459593247718817,time,2.6709642318644886,-9.153e-05
DOGEUSDT,held-out,2025-12-01 08:00:00,1,0.16530377569401938,time,7.550783788035368,-9.221e-05
DOGEUSDT,held-out,2025-12-16 00:00:00,1,-1.0201133656614054,stop,6.960545656893177,-0.00012442
DOGEUSDT,held-out,2026-01-26 00:00:00,1,-1.0237408118027216,stop,5.8970182301832965,-0.00010208
DOGEUSDT,held-out,2026-01-30 00:00:00,1,-1.023919758682161,stop,5.852901856589812,-0.00016899
DOGEUSDT,held-out,2026-01-31 16:00:00,1,-1.021852585577882,stop,6.406564545922716,-0.00019169
DOGEUSDT,held-out,2026-02-01 00:00:00,1,-1.0185340771576832,stop,7.553653673118767,-0.00026033
DOGEUSDT,held-out,2026-02-06 00:00:00,1,0.5022792994011669,time,9.850060724022482,-9.981e-05
DOGEUSDT,held-out,2026-02-21 16:00:00,1,-1.0179679237697243,stop,7.791662620246524,-0.00011933
DOGEUSDT,held-out,2026-02-28 00:00:00,1,0.36567886282066064,time,7.8786560708283275,-0.00010157
DOGEUSDT,held-out,2026-03-06 16:00:00,1,0.4474975016598353,time,8.529763655521995,-0.00012658
DOGEUSDT,held-out,2026-03-12 08:00:00,1,1.0508155112522966,time,7.27215580354471,-0.00016651
DOGEUSDT,held-out,2026-04-02 08:00:00,1,0.02807784108329042,time,5.349103187095555,-0.00013452
DOGEUSDT,held-out,2026-06-23 08:00:00,1,-1.0290538395727156,stop,4.8186402230799725,-7.829e-05
DOGEUSDT,held-out,2026-06-24 16:00:00,1,-0.2514976162312508,time,5.208637583484253,-8.076e-05
DOGEUSDT,held-out,2026-07-23 16:00:00,1,0.33073680566897584,time,3.8056491345563104,-8.144e-05
DOGEUSDT,held-out,2026-08-02 00:00:00,1,-0.07814890683766135,time,3.8974344757181227,-6.625e-05
ETHUSDT,design,2020-04-01 20:00:00,1,1.9935663152333716,target,12.434553899028645,-7.368e-05
ETHUSDT,design,2020-04-07 00:00:00,1,-1.016017819057206,stop,8.740266043710736,-0.00014221
ETHUSDT,design,2020-04-11 00:00:00,1,-0.34865069303999513,time,9.144823940990529,-6.9e-06
ETHUSDT,design,2020-04-16 08:00:00,1,0.34485127235019053,time,7.640824054740425,-2.526e-05
ETHUSDT,design,2020-05-15 08:00:00,1,0.852304538079822,time,6.639212030377334,-3.957e-05
ETHUSDT,design,2020-06-02 00:00:00,-1,0.37091228244338686,time,5.358754107482855,0.00034764
ETHUSDT,design,2020-06-11 04:00:00,-1,1.9837239306543806,target,4.915191641250367,0.00023457
ETHUSDT,design,2020-07-23 04:00:00,-1,-1.0399103807478882,stop,3.507859293159165,0.00055183
ETHUSDT,design,2020-07-23 20:00:00,-1,-1.0415535802585303,stop,3.369144105729865,0.00047433
ETHUSDT,design,2020-07-24 16:00:00,-1,-1.038787583120855,stop,3.6094025132678578,0.00042763
ETHUSDT,design,2020-07-26 00:00:00,-1,-1.0350190753098354,stop,3.9978211520816327,0.00039999
ETHUSDT,design,2020-07-26 08:00:00,-1,-1.0357416856876547,stop,3.9169948844454385,0.00091914
ETHUSDT,design,2020-07-27 00:00:00,-1,-1.0341648679172282,stop,4.097776708494255,0.00069401
ETHUSDT,design,2020-07-27 08:00:00,-1,-1.0351633845700723,stop,3.9814142384676607,0.00076669
ETHUSDT,design,2020-07-28 00:00:00,-1,-1.0335260752555766,stop,4.175854135408008,0.00113558
ETHUSDT,design,2020-07-31 00:00:00,-1,-1.0314847107869674,stop,4.446602700189051,0.00108946
ETHUSDT,design,2020-08-02 00:00:00,-1,-1.0304779938266495,stop,4.593478192701318,0.00163562
ETHUSDT,design,2020-08-02 12:00:00,-1,-1.0284800436357446,stop,4.915722805434513,0.00094879
ETHUSDT,design,2020-08-05 16:00:00,-1,-0.037544980748969455,time,5.946460858398561,0.0008946
ETHUSDT,design,2020-08-14 00:00:00,-1,0.32444454592110306,time,5.955070406824283,0.00136967
ETHUSDT,design,2020-09-20 20:00:00,1,-1.017729322554584,stop,7.896522812362212,-8e-07
ETHUSDT,design,2020-09-22 04:00:00,1,-1.0160759372328236,stop,8.708667990700361,-0.00022757
ETHUSDT,design,2020-09-24 00:00:00,1,1.107671570065299,time,8.976822617600751,-1.579e-05
ETHUSDT,design,2020-09-29 08:00:00,1,-0.30190031717798566,time,7.265096247082154,-1.526e-05
ETHUSDT,design,2020-10-04 20:00:00,1,0.5176424999071645,time,6.324283529809012,-6.384e-05
ETHUSDT,design,2020-11-05 04:00:00,-1,-1.0285253493700974,stop,4.907915348681369,0.00076235
ETHUSDT,design,2020-11-07 08:00:00,-1,-0.20011604586882267,time,4.78655714461819,0.00103009
ETHUSDT,design,2020-11-18 04:00:00,-1,-1.0294650528334857,stop,4.751391446374606,0.00089819
ETHUSDT,design,2020-11-20 16:00:00,-1,-1.029803388247321,stop,4.697452478833008,0.0007993
ETHUSDT,design,2020-11-21 20:00:00,-1,-1.0301599606447172,stop,4.641915871482511,0.00075533
ETHUSDT,design,2020-11-22 16:00:00,-1,-1.0277552693835539,stop,5.044087234943412,0.00073816
ETHUSDT,design,2020-11-23 04:00:00,-1,-1.0267761958645036,stop,5.228524645862522,0.00158187
ETHUSDT,design,2020-11-23 20:00:00,-1,1.9840539994821256,target,5.016931983059009,0.00085758
ETHUSDT,design,2020-11-30 16:00:00,-1,-1.021338004704603,stop,6.561063320498746,0.00090116
ETHUSDT,design,2020-12-16 16:00:00,-1,-1.0252210045626116,stop,5.550928776546046,0.0010246
ETHUSDT,design,2020-12-17 20:00:00,-1,0.29294037216502056,time,5.586127011707657,0.00133961
ETHUSDT,design,2020-12-28 12:00:00,-1,-0.8367041262514715,time,6.140492618823611,0.00096296
ETHUSDT,design,2021-01-02 20:00:00,-1,-1.024494506100356,stop,5.715567377697173,0.00109186
ETHUSDT,design,2021-01-03 20:00:00,-1,-1.0275395955335898,stop,5.083589547611305,0.00171498
ETHUSDT,design,2021-01-04 00:00:00,-1,-1.0225201977749512,stop,6.216641674244934,0.00295549
ETHUSDT,design,2021-01-04 08:00:00,-1,1.9862635642741748,target,5.823927079540407,0.00375
ETHUSDT,design,2021-01-05 04:00:00,-1,-1.0184589256687475,stop,7.584406726174267,0.00102541
ETHUSDT,design,2021-01-05 20:00:00,-1,-1.0202022737670957,stop,6.929913019396068,0.00102796
ETHUSDT,design,2021-01-06 16:00:00,-1,-1.0195339137388446,stop,7.167022536891792,0.00253317
ETHUSDT,design,2021-01-07 20:00:00,-1,-1.0198016688371316,stop,7.07011116848267,0.00176605
ETHUSDT,design,2021-01-10 00:00:00,-1,1.9900845486348648,target,8.068215662001803,0.00340522
ETHUSDT,design,2021-01-11 00:00:00,-1,1.9907382535479414,target,8.637679773906825,0.00177547
ETHUSDT,design,2021-01-19 12:00:00,-1,1.9911561399994093,target,9.045823881727708,0.00197982
ETHUSDT,design,2021-01-29 16:00:00,-1,-1.0128634213311278,stop,10.8835741593272,0.00241392
ETHUSDT,design,2021-02-05 12:00:00,-1,-1.016043553859596,stop,8.726246143790794,0.0017643
ETHUSDT,design,2021-02-09 12:00:00,-1,-0.31814322069107054,time,8.688030428548393,0.00193315
ETHUSDT,design,2021-02-17 20:00:00,-1,-1.018633155912622,stop,7.5134883568040145,0.00232282
ETHUSDT,design,2021-04-10 12:00:00,-1,-1.0241954179230137,stop,5.786219541462743,0.00209663
ETHUSDT,design,2021-04-14 08:00:00,-1,-1.026759994731568,stop,5.231690118191488,0.00203587
ETHUSDT,design,2021-05-19 20:00:00,1,-1.0099123411964088,stop,14.12380760770432,-0.00356332
ETHUSDT,design,2021-06-18 04:00:00,1,-1.0119774160892478,stop,11.688664646599232,-5.78e-06
ETHUSDT,design,2021-06-20 20:00:00,1,-1.0119563242815595,stop,11.709284283625934,-0.00024432
ETHUSDT,design,2021-06-21 08:00:00,1,-1.0108881552046922,stop,12.858009219015246,-7.382e-05
ETHUSDT,design,2021-06-22 20:00:00,1,0.31031252458487824,time,14.160362025305698,-7.59e-06
ETHUSDT,design,2021-06-27 20:00:00,1,1.3232036279841939,time,13.609518648789255,-0.00013791
ETHUSDT,design,2021-07-02 20:00:00,1,0.9129951250094791,time,10.918850420612628,-0.00014398
ETHUSDT,design,2021-07-20 12:00:00,1,1.9911876838394742,target,9.078203566770997,-0.00041611
ETHUSDT,design,2021-08-09 08:00:00,-1,-1.0211257590884621,stop,6.6269808064061895,0.00021302
ETHUSDT,design,2021-08-10 00:00:00,-1,-0.45616446368125735,time,6.394088806115946,0.00045734
ETHUSDT,design,2021-08-15 04:00:00,-1,0.12745036200761728,time,6.245263508837369,0.00037689
ETHUSDT,design,2021-08-20 20:00:00,-1,0.09900842353663261,time,6.42465200997284,0.00036239
ETHUSDT,design,2021-09-02 04:00:00,-1,-1.0252742769513157,stop,5.5392286896940215,0.00025742
ETHUSDT,design,2021-09-03 08:00:00,-1,-1.0263060117125993,stop,5.321977406896216,0.00037778
ETHUSDT,design,2021-09-03 20:00:00,-1,1.984390489220238,target,5.125080544082251,0.00065309
ETHUSDT,design,2021-09-07 12:00:00,-1,1.9845958749447965,target,5.193414083130713,0.00066382
ETHUSDT,design,2021-09-24 16:00:00,1,-0.27376627075374327,time,9.078913478737965,-0.0001122
ETHUSDT,design,2021-09-30 00:00:00,1,1.9911539544505854,target,9.04358897465699,-0.00012951
ETHUSDT,design,2021-10-16 20:00:00,-1,-1.0249232846040428,stop,5.617237142864035,0.00052591
ETHUSDT,design,2021-10-20 20:00:00,-1,-1.0270083779532861,stop,5.183576749486594,0.00072515
ETHUSDT,design,2021-10-21 20:00:00,-1,-0.2595235376161886,time,5.434354503911968,0.00080402
ETHUSDT,design,2021-10-27 08:00:00,-1,-1.0253922287950215,stop,5.513497894578234,0.00059665
ETHUSDT,design,2021-12-10 20:00:00,1,-1.0174952440025966,stop,8.002174761279194,-1.037e-05
ETHUSDT,design,2021-12-14 04:00:00,1,0.6095157822878713,time,8.50888592526331,-5.267e-05
ETHUSDT,design,2021-12-30 12:00:00,1,0.4594608371680847,time,6.1629543112802985,-7.64e-06
ETHUSDT,design,2022-01-09 08:00:00,1,0.29801210068108797,time,7.508414397558363,-7.234e-05
ETHUSDT,design,2022-01-14 20:00:00,1,-1.020655150401766,stop,6.77797049534097,-1.294e-05
ETHUSDT,design,2022-01-19 08:00:00,1,-1.0211293532912291,stop,6.62585352567863,-1.72e-05
ETHUSDT,design,2022-01-21 04:00:00,1,-1.0191914764374652,stop,7.294905134380114,-8.05e-06
ETHUSDT,design,2022-01-23 12:00:00,1,-1.014358225895618,stop,9.75050824647668,-5.208e-05
ETHUSDT,design,2022-01-24 08:00:00,1,0.686241591936545,time,10.033946046841749,-0.00011775
ETHUSDT,design,2022-01-30 12:00:00,1,1.0346320121263302,time,8.88008742192254,-6.536e-05
ETHUSDT,design,2022-02-11 00:00:00,1,-1.020788359974623,stop,6.734537990053211,-0.00011327
ETHUSDT,design,2022-02-18 12:00:00,1,-1.0197209582226325,stop,7.099046528039911,-9.187e-05
ETHUSDT,design,2022-02-21 12:00:00,1,-1.0185649395422398,stop,7.541096467428058,-0.00014003
ETHUSDT,design,2022-02-28 00:00:00,1,0.020657715331231292,time,8.253360361249534,-0.00015064
ETHUSDT,design,2022-03-08 04:00:00,1,0.13426775186873532,time,8.050298200645912,-0.00010024
ETHUSDT,design,2022-03-14 04:00:00,1,1.9888454931375927,target,7.17198895359637,-0.00010352
ETHUSDT,design,2022-04-06 12:00:00,1,-1.0297492423022798,stop,4.706002209315794,-0.00014471
ETHUSDT,design,2022-04-12 20:00:00,1,0.06635030003370848,time,5.323595076756731,-0.00016064
ETHUSDT,design,2022-04-18 16:00:00,1,0.24323160355111695,time,4.845892660017456,-0.00013169
ETHUSDT,design,2022-04-25 16:00:00,1,-0.5083756908011795,time,4.622121154704035,-0.00024996
ETHUSDT,design,2022-05-01 08:00:00,1,-0.6472188916030551,time,5.292926137231936,-0.00016213
ETHUSDT,design,2022-05-12 04:00:00,1,0.5106857634929732,time,9.525351059596979,-0.00018602
ETHUSDT,design,2022-05-26 16:00:00,1,-1.0170413161163008,stop,8.215327915083071,-0.00014343
ETHUSDT,design,2022-06-11 04:00:00,1,-1.0188981964087778,stop,7.40811434973621,-0.00013495
ETHUSDT,design,2022-06-11 12:00:00,1,-1.0178380782534702,stop,7.8483790692399396,-0.00018605
ETHUSDT,design,2022-06-15 12:00:00,1,-1.0109534792538546,stop,12.78132698801927,-0.0001643
ETHUSDT,design,2022-06-18 12:00:00,1,0.5931118999090234,time,14.684146963301112,-0.00029164
ETHUSDT,design,2022-06-30 16:00:00,1,0.9262667618660622,time,11.780601079666926,-0.00021692
ETHUSDT,design,2022-07-13 04:00:00,1,1.990989180325658,target,8.878215622025836,-0.00017917
ETHUSDT,design,2022-08-09 16:00:00,1,1.9880515411392508,target,6.695424149034025,-0.00014349
ETHUSDT,design,2022-08-27 04:00:00,1,0.3360404532888345,time,7.992859546255103,-0.0002075
ETHUSDT,design,2022-09-06 04:00:00,1,-1.022606084831523,stop,6.193022853952033,-0.00016568
ETHUSDT,design,2022-09-07 04:00:00,1,1.9883579724960263,target,6.871655299963347,-0.0001677
ETHUSDT,design,2022-09-10 08:00:00,1,-1.0225617508830678,stop,6.205192173496962,-0.00020439
ETHUSDT,design,2022-09-13 16:00:00,1,-1.0220767554062264,stop,6.341511577399437,-0.0004662
ETHUSDT,design,2022-09-15 12:00:00,1,-1.020784735406082,stop,6.735712399737086,-0.00216987
ETHUSDT,design,2022-11-09 00:00:00,1,-1.0195182675702357,stop,7.172767741615167,-0.00038496
ETHUSDT,design,2022-11-09 20:00:00,1,-1.0174810142117157,stop,8.008688643830068,-0.00054682
ETHUSDT,design,2022-11-10 04:00:00,1,0.8380563779892264,time,9.17506271979726,-0.00060149
ETHUSDT,design,2023-01-14 12:00:00,-1,-1.0494943473928535,stop,2.8286058383348784,0.00061643
ETHUSDT,design,2023-03-03 12:00:00,1,-0.09760491484161474,time,4.3758927239631955,-9.17e-06
ETHUSDT,design,2023-03-10 00:00:00,1,-1.0302537195742187,stop,4.62753016720971,-8.306e-05
ETHUSDT,design,2023-03-10 20:00:00,1,1.9828785051239393,target,4.672489206059657,-5.12e-06
ETHUSDT,design,2023-03-12 20:00:00,1,1.981949128446658,target,4.431918966549192,-4.286e-05
ETHUSDT,design,2023-03-15 04:00:00,-1,-1.0297361401798613,stop,4.70807573387802,0.00031728
ETHUSDT,design,2023-03-25 20:00:00,1,0.8071705589865404,time,5.3307057428225,-7.95e-06
ETHUSDT,design,2023-04-03 00:00:00,1,0.9120438665277706,time,4.330379800663394,-2.938e-05
ETHUSDT,design,2023-04-09 12:00:00,1,1.9793869607011203,target,3.881038542644583,-1.908e-05
ETHUSDT,design,2023-04-19 16:00:00,1,-1.0378695702336094,stop,3.6968996251177346,-1.015e-05
ETHUSDT,design,2023-04-22 08:00:00,1,0.32370697616988303,time,4.532132629480205,-5.62e-06
ETHUSDT,design,2023-05-01 04:00:00,1,1.981322976428475,target,4.283337743491837,-2.629e-05
ETHUSDT,design,2023-05-15 04:00:00,1,-0.24428114853559868,time,3.9967345346585583,-1.849e-05
ETHUSDT,design,2023-05-27 20:00:00,1,0.5640705761400698,time,3.1855117259416366,-3.23e-05
ETHUSDT,design,2023-06-06 00:00:00,1,-1.0443753479676041,stop,3.154904838204442,-4.896e-05
ETHUSDT,design,2023-06-15 00:00:00,1,1.2316985990043023,time,3.7931459490828683,-7.479e-05
ETHUSDT,design,2023-06-20 08:00:00,1,1.9770787311796076,target,3.4902081829268634,-2.167e-05
ETHUSDT,design,2023-07-13 16:00:00,1,-1.0485249042879254,stop,2.8851164583303786,-4.55e-05
ETHUSDT,design,2023-08-18 00:00:00,1,-1.0472388269818675,stop,2.9636637686566254,-0.00017498
ETHUSDT,design,2023-08-26 16:00:00,1,0.057670294933008105,time,3.1146920289264863,-6.303e-05
ETHUSDT,design,2023-09-04 08:00:00,1,-0.13188752788708635,time,2.938355557035416,-7.752e-05
ETHUSDT,design,2023-09-12 00:00:00,1,1.9730696145607856,target,2.9706221687977994,-4.991e-05
ETHUSDT,design,2023-11-02 04:00:00,-1,-0.6470277460541201,time,3.0390294579174038,0.00026784
ETHUSDT,design,2023-11-09 16:00:00,-1,-1.0511557494943358,stop,2.736740276193224,0.00071131
ETHUSDT,design,2023-11-10 00:00:00,-1,1.975606587276371,target,3.2795739122843974,0.00027525
ETHUSDT,design,2023-12-08 00:00:00,-1,1.9778833200063943,target,3.61717943304012,0.00022693
ETHUSDT,design,2023-12-11 00:00:00,-1,1.9766900673025436,target,3.4320133411938167,0.00024112
ETHUSDT,design,2023-12-20 16:00:00,-1,-1.0339676187171498,stop,4.1215724059371714,0.00023154
ETHUSDT,design,2023-12-22 16:00:00,-1,-0.3259215024505624,time,4.053559467860487,0.00051141
ETHUSDT,design,2023-12-27 16:00:00,-1,-1.0364392790001185,stop,3.842007960682899,0.00049072
ETHUSDT,design,2023-12-28 08:00:00,-1,-0.1561448917794384,time,4.0525797061931375,0.00057135
ETHUSDT,held-out,2026-01-22 16:00:00,1,-1.0321207239223478,stop,4.358556810190585,-2.933e-05
ETHUSDT,held-out,2026-01-26 00:00:00,1,-1.0315875431225703,stop,4.432126913345335,-0.00013629
ETHUSDT,held-out,2026-01-31 00:00:00,1,-1.0278589324786434,stop,5.025318185013872,-7.003e-05
ETHUSDT,held-out,2026-01-31 16:00:00,1,-1.0260770070907848,stop,5.368714266656541,-8.908e-05
ETHUSDT,held-out,2026-02-01 00:00:00,1,-1.0215195108540716,stop,6.505724082176865,-0.00016427
ETHUSDT,held-out,2026-02-01 16:00:00,1,-1.0203216128310728,stop,6.8892169712993,-7.308e-05
ETHUSDT,held-out,2026-02-03 16:00:00,1,-1.0188030403006685,stop,7.445604421484048,-3.903e-05
ETHUSDT,held-out,2026-02-04 16:00:00,1,-1.0170121517488833,stop,8.22941166211912,-6.117e-05
ETHUSDT,held-out,2026-02-05 16:00:00,1,-1.015246468698857,stop,9.18245416464834,-7.797e-05
ETHUSDT,held-out,2026-02-06 00:00:00,1,0.933493872565258,time,10.54342058061359,-0.00027709
ETHUSDT,held-out,2026-02-11 00:00:00,1,-0.3668971075970087,time,9.043572429424271,-8.436e-05
ETHUSDT,held-out,2026-02-19 00:00:00,1,-0.8432289218568731,time,7.698829253815304,-0.00010561
ETHUSDT,held-out,2026-02-27 16:00:00,1,1.70028805822081,time,6.813925846686822,-0.00011015
ETHUSDT,held-out,2026-03-09 00:00:00,1,1.9881809329980873,target,6.768723790723308,-0.00022545
ETHUSDT,held-out,2026-03-27 16:00:00,1,1.2597817323513905,time,5.8555480881176525,-0.00018104
ETHUSDT,held-out,2026-04-02 08:00:00,1,0.27961811732671654,time,5.251798647876126,-0.00013372
ETHUSDT,held-out,2026-04-18 16:00:00,1,-1.0298248839581352,stop,4.694066880411537,-0.00015064
ETHUSDT,held-out,2026-04-28 00:00:00,1,-0.05720187536276316,time,4.132397505187212,-0.00016104
ETHUSDT,held-out,2026-05-07 08:00:00,1,-0.737084995004478,time,3.548262992140954,-0.00011993
ETHUSDT,held-out,2026-06-07 08:00:00,1,0.6005969728915669,time,5.784521591480729,-0.00010189
ETHUSDT,held-out,2026-06-25 16:00:00,1,0.09557174451807574,time,5.335566940378841,-8.135e-05
ETHUSDT,held-out,2026-09-13 16:00:00,1,-1.036577357195908,stop,3.827504520082223,-4.585e-05
ETHUSDT,held-out,2026-09-15 16:00:00,1,1.9800642726930089,target,4.012895981575016,-4.838e-05
LINKUSDT,held-out,2025-12-01 08:00:00,1,1.989578240329496,target,7.67624686514488,-0.0001469
LINKUSDT,held-out,2025-12-06 08:00:00,1,-0.021246098909333575,time,7.53060604126026,-0.00017941
LINKUSDT,held-out,2025-12-18 08:00:00,1,0.18089530372012333,time,7.737217962506203,-0.00010683
LINKUSDT,held-out,2026-01-16 00:00:00,1,-1.0314462231494468,stop,4.4520449827839865,-8.334e-05
LINKUSDT,held-out,2026-01-21 08:00:00,1,-1.0276188068215801,stop,5.069009711549509,-0.00010599
LINKUSDT,held-out,2026-01-28 16:00:00,1,-1.0283255579359913,stop,4.942532829057227,-7.91e-05
LINKUSDT,held-out,2026-01-29 16:00:00,1,-1.0272191598373182,stop,5.1434357576333545,-9.41e-05
LINKUSDT,held-out,2026-02-02 16:00:00,1,-1.0196546908920978,stop,7.122981519708728,-0.00010104
LINKUSDT,held-out,2026-02-11 16:00:00,1,0.7045239071044598,time,9.245146304550314,-7.155e-05
LINKUSDT,held-out,2026-02-18 16:00:00,1,-0.9242759685879324,time,7.294474518919934,-6.541e-05
LINKUSDT,held-out,2026-02-28 16:00:00,1,1.2167773090399436,time,7.178817425094218,-8.139e-05
LINKUSDT,held-out,2026-03-05 16:00:00,1,-1.0203073266085447,stop,6.894063541632871,-0.00010568
LINKUSDT,held-out,2026-03-08 00:00:00,1,0.9715542553999196,time,6.8140889787451115,-9.369e-05
LINKUSDT,held-out,2026-03-14 16:00:00,1,1.9863800643361338,target,5.873742870330968,-0.00013564
LINKUSDT,held-out,2026-03-18 16:00:00,1,-1.0254816850456312,stop,5.494142155406767,-0.00014149
LINKUSDT,held-out,2026-03-27 16:00:00,1,0.816919888066585,time,5.632078050492565,-0.00014801
LINKUSDT,held-out,2026-04-02 08:00:00,1,0.22773759858618614,time,5.451857084725361,-0.00011712
LINKUSDT,held-out,2026-04-09 08:00:00,1,0.8923267572865425,time,5.326868228550461,-0.00014832
LINKUSDT,held-out,2026-04-23 08:00:00,1,-0.10471882354087653,time,4.631049868339932,-0.00014477
LINKUSDT,held-out,2026-05-03 08:00:00,1,1.9785298156562123,target,3.7260974903155635,-0.00019549
LINKUSDT,held-out,2026-09-13 16:00:00,1,1.647590853064406,time,5.949051499355895,-3.929e-05
SOLUSDT,held-out,2025-11-25 16:00:00,1,0.2218596398062751,time,8.535014271987412,-0.00018105
SOLUSDT,held-out,2025-12-18 00:00:00,1,0.24184635178363037,time,7.21885005737968,-0.00017374
SOLUSDT,held-out,2026-01-26 00:00:00,1,-1.0273148841904782,stop,5.125410711014583,-0.00020746
SOLUSDT,held-out,2026-01-30 00:00:00,1,-1.0266796398767892,stop,5.247447141211135,-0.000182
SOLUSDT,held-out,2026-01-31 16:00:00,1,-1.0243789318565646,stop,5.742663412150328,-0.00015483
SOLUSDT,held-out,2026-02-01 00:00:00,1,-1.0199827419475835,stop,7.006045535053835,-0.00069212
SOLUSDT,held-out,2026-02-02 00:00:00,1,-1.0188429459017154,stop,7.429836116403379,-0.00014659
SOLUSDT,held-out,2026-02-04 16:00:00,1,-1.016796643844263,stop,8.33499842576096,-0.00033402
SOLUSDT,held-out,2026-02-06 08:00:00,1,0.18053706049490229,time,10.662708961666063,-0.00043701
SOLUSDT,held-out,2026-02-12 00:00:00,1,0.8472218852873089,time,10.316071840479054,-0.0001924
SOLUSDT,held-out,2026-02-18 16:00:00,1,-0.6683040669624267,time,8.72890106696306,-0.0002287
SOLUSDT,held-out,2026-02-28 08:00:00,1,1.9902649928654437,target,8.217764907025488,-0.00020116
SOLUSDT,held-out,2026-03-26 16:00:00,1,-1.024942240206825,stop,5.612968155189665,-0.00022349
SOLUSDT,held-out,2026-03-27 16:00:00,1,0.06493776231914522,time,6.03219235006816,-0.0003981
SOLUSDT,held-out,2026-05-23 16:00:00,1,-1.0346655086818974,stop,4.038596441341383,-0.00028322
SOLUSDT,held-out,2026-06-03 00:00:00,1,-1.0294085486223623,stop,4.760520547877162,-0.00019668
SOLUSDT,held-out,2026-06-05 08:00:00,1,-1.0247619836315232,stop,5.653828145729551,-0.00025721
SOLUSDT,held-out,2026-06-07 08:00:00,1,0.4683114828856331,time,6.268270811379177,-0.00023704
XRPUSDT,held-out,2025-11-21 00:00:00,1,-1.0166177687238502,stop,8.424717080041475,-9.07e-05
XRPUSDT,held-out,2025-11-23 16:00:00,1,0.7433298269997806,time,7.989016142531725,-8.027e-05
XRPUSDT,held-out,2025-11-29 00:00:00,1,-1.0200362422942988,stop,6.987338141735108,-8.432e-05
XRPUSDT,held-out,2025-12-07 08:00:00,1,0.06156126752915346,time,6.437429272766949,-0.00011169
XRPUSDT,held-out,2025-12-13 00:00:00,1,-1.023798341236549,stop,5.8827629458892865,-0.0001526
XRPUSDT,held-out,2025-12-15 16:00:00,1,-1.024477236132961,stop,5.719600008739367,-0.00011362
XRPUSDT,held-out,2025-12-30 00:00:00,1,1.982148868395056,target,4.481508610795512,-0.00014646
XRPUSDT,held-out,2026-01-19 08:00:00,1,-1.0299180394324756,stop,4.679451015364072,-0.00012712
XRPUSDT,held-out,2026-01-26 00:00:00,1,-1.0277247217683472,stop,5.049644904275833,-0.00014795
XRPUSDT,held-out,2026-01-30 00:00:00,1,-1.0276129157131246,stop,5.070091165108537,-0.00012739
XRPUSDT,held-out,2026-01-30 08:00:00,1,-1.0268674876626736,stop,5.2107588829192695,-0.00013698
XRPUSDT,held-out,2026-02-01 00:00:00,1,-1.0222152348289966,stop,6.301981549043297,-0.00014917
XRPUSDT,held-out,2026-02-06 00:00:00,1,1.9923520763862392,target,10.460355521341477,-0.00014808
XRPUSDT,held-out,2026-02-06 16:00:00,1,-1.0166744570893103,stop,8.396075461416446,-0.00044229
XRPUSDT,held-out,2026-02-08 16:00:00,1,-0.21701176076178277,time,10.076897647652848,-0.00023346
XRPUSDT,held-out,2026-02-15 00:00:00,1,-1.0178601474199285,stop,7.838681098667053,-0.00015613
XRPUSDT,held-out,2026-02-23 00:00:00,1,-0.40516187258001746,time,7.160932715955333,-0.00020927
XRPUSDT,held-out,2026-02-28 00:00:00,1,0.6216757783667304,time,7.260852199184717,-0.00021992
XRPUSDT,held-out,2026-03-08 16:00:00,1,0.603042766199096,time,6.609852580879074,-0.00018592
XRPUSDT,held-out,2026-03-27 00:00:00,1,-0.2085495215773254,time,5.241363870474465,-0.00017883
XRPUSDT,held-out,2026-04-02 16:00:00,1,0.19212930572784437,time,4.770464918094596,-0.00028988
XRPUSDT,held-out,2026-06-03 00:00:00,1,-1.033164028027306,stop,4.22144137270447,-0.00015745
XRPUSDT,held-out,2026-06-07 08:00:00,1,0.04131714742040553,time,5.06547061459125,-0.000159
XRPUSDT,held-out,2026-06-25 00:00:00,1,-1.0286740667337373,stop,4.882460562710462,-0.0001523
XRPUSDT,held-out,2026-06-25 16:00:00,1,0.15341613505762502,time,5.063571928251499,-0.00012131
XRPUSDT,held-out,2026-07-28 08:00:00,1,0.5750905570321919,time,3.5573411646584603,-0.00016009
XRPUSDT,held-out,2026-08-15 00:00:00,1,1.9730178965828529,target,2.964928225319893,-0.00018934
