t,o,h,l,c,v,taker_buy_v
2022-05-10,4.548,5.463,4.2,4.402,19602086.9,9183890.6
2022-05-11,4.405,4.545,2.851,3.152,34786378.63,17476236.85
2022-05-12,3.149,3.418,2.467,2.943,27882271.8,13844357.8
2022-05-13,2.948,3.717,2.908,3.223,17896032.7,8709492.4
2022-05-14,3.222,3.524,2.991,3.428,10083349.1,4915964.3
2022-05-15,3.428,3.823,3.202,3.779,10557043.8,5299303.9
2022-05-16,3.779,3.779,3.12,3.202,10971512.9,5311567.5
2022-05-17,3.203,3.541,3.175,3.405,8670718.2,4215719.7
2022-05-18,3.405,3.497,2.941,2.967,8534932,4060798
2022-05-19,2.966,3.189,2.844,3.057,10083754.7,4866474.6
2022-05-20,3.056,3.154,2.782,2.877,9108780.9,4633898.3
2022-05-21,2.878,3.014,2.795,2.966,4566591.9,2199694.7
2022-05-22,2.965,3.155,2.891,3.097,6004467.3,2916661.1
2022-05-23,3.097,3.399,2.921,2.959,13463517.9,6437367.9
2022-05-24,2.958,3.1,2.852,3.067,11304429.7,5423065.9
2022-05-25,3.065,3.176,2.938,3.089,10624306.3,5260403.1
2022-05-26,3.09,3.2,2.648,2.672,17124850.4,8227837
2022-05-27,2.67,2.708,2.364,2.438,19421543.7,9757536.8
2022-05-28,2.439,2.6,2.401,2.574,7734053.6,3824113.3
2022-05-29,2.574,2.761,2.447,2.697,9684490.2,4629438.1
2022-05-30,2.696,3.417,2.659,3.315,19119079.6,9456941.8
2022-05-31,3.315,3.5,3.065,3.16,17821581.3,8452496.3
2022-06-01,3.159,3.242,2.719,2.784,15355424.1,7223419.5
2022-06-02,2.783,2.934,2.7,2.905,10594357.5,5258267.3
2022-06-03,2.905,2.938,2.657,2.728,6669313.1,3174506.6
2022-06-04,2.731,3.026,2.671,2.957,6806733.8,3685625.6
2022-06-05,2.956,2.997,2.803,2.823,4794088.4,2243375.8
2022-06-06,2.823,3.295,2.81,3.121,12370569.4,5872658.2
2022-06-07,3.122,3.124,2.81,2.894,10821872.5,5142307.1
2022-06-08,2.894,2.997,2.815,2.853,6022974.2,2880689.1
2022-06-09,2.853,2.967,2.769,2.818,4571413.2,2125862.7
2022-06-10,2.815,2.855,2.593,2.628,5390842.4,2564502.6
2022-06-11,2.629,2.708,2.426,2.47,5220590.1,2586052.1
2022-06-12,2.47,2.5,2.202,2.219,9705369.257,4965487.7
2022-06-13,2.22,2.244,1.771,1.82,20671552.18,9955687.2
2022-06-14,1.82,1.98,1.674,1.924,15070129.1,7284806.6
2022-06-15,1.926,2.05,1.655,2.041,18859285,8860886.6
2022-06-16,2.042,2.094,1.648,1.681,13829377.6,6645513.1
2022-06-17,1.681,1.784,1.658,1.718,8379670.3,4130809.1
2022-06-18,1.718,1.752,1.433,1.571,15478277.3,7231658
2022-06-19,1.57,1.795,1.494,1.781,13897947.7,6986951.7
2022-06-20,1.781,1.918,1.686,1.839,13735487.9,6639381
2022-06-21,1.839,2.036,1.806,1.846,13850959.6,6928598.1
2022-06-22,1.846,1.87,1.742,1.769,10614673.4,4968186.9
2022-06-23,1.77,2.19,1.762,2.177,22614719.2,11184497.6
2022-06-24,2.176,2.326,2.128,2.287,24981736.2,12045002.3
2022-06-25,2.287,2.453,2.229,2.422,21486547.1,9968737
2022-06-26,2.423,2.43,2.145,2.155,18130527.2,8710209.9
2022-06-27,2.155,2.235,2.031,2.045,21737070.1,10373338.3
2022-06-28,2.046,2.157,1.947,1.962,31665243,16073767.7
2022-06-29,1.962,2.003,1.87,1.942,24797429.1,12390005.3
2022-06-30,1.943,1.948,1.728,1.869,24980478.9,12273660.7
2022-07-01,1.869,1.947,1.768,1.811,27323025.4,13480801.5
2022-07-02,1.811,1.847,1.748,1.821,13222803.3,6614954.6
2022-07-03,1.822,1.96,1.765,1.953,17990372,8948949.1
2022-07-04,1.953,2.176,1.937,2.159,35466834.2,17794787.2
2022-07-05,2.159,2.22,1.996,2.093,31780147.7,15313669
2022-07-06,2.094,2.315,2.056,2.29,32416796.4,16468279.2
2022-07-07,2.29,2.449,2.226,2.368,26361874.3,13170008.3
2022-07-08,2.369,2.449,2.188,2.239,17771183.2,8589773.2
2022-07-09,2.239,2.528,2.238,2.488,13498885.8,6860542.8
2022-07-10,2.488,2.491,2.244,2.272,12519770.2,5991735.7
2022-07-11,2.271,2.271,1.989,2.009,12797584.5,6052075.1
2022-07-12,2.009,2.104,1.956,1.962,14548444.9,6895427.9
2022-07-13,1.962,2.108,1.86,2.105,19497788.4,9830850.7
2022-07-14,2.105,2.309,2.056,2.25,18584219.6,9268410.5
2022-07-15,2.25,2.351,2.17,2.173,17139656.5,7876642.6
2022-07-16,2.173,2.331,2.105,2.266,14381425.4,7072760.2
2022-07-17,2.267,2.314,2.146,2.159,11537817.5,5598714.7
2022-07-18,2.159,2.68,2.155,2.649,28471906.7,14172374.1
2022-07-19,2.649,2.91,2.543,2.807,29054106.5,13993924.9
2022-07-20,2.806,2.841,2.575,2.637,21464362.8,10623103.5
2022-07-21,2.636,3.04,2.556,2.979,28350683.3,14126488.1
2022-07-22,2.979,3.048,2.653,2.658,20533525.2,9659167.5
2022-07-23,2.659,2.753,2.492,2.619,15627298.4,7785519.2
2022-07-24,2.619,2.742,2.549,2.632,13022478.5,6272272.4
2022-07-25,2.632,2.646,2.342,2.348,15528027.2,7385564.9
2022-07-26,2.349,2.377,2.208,2.323,12403662.5,5994632.4
2022-07-27,2.322,2.74,2.264,2.722,20514499.4,10486186.5
2022-07-28,2.722,2.982,2.674,2.849,23004001.8,11518308.2
2022-07-29,2.849,2.937,2.658,2.695,20157642.2,9784377.7
2022-07-30,2.695,2.853,2.588,2.641,14296881.9,6907659.9
2022-07-31,2.641,2.789,2.576,2.599,12936137.2,6273352.7
2022-08-01,2.598,2.647,2.51,2.559,11436176.7,5364702.4
2022-08-02,2.56,2.702,2.439,2.596,15408281.8,7854246
2022-08-03,2.598,2.794,2.527,2.668,14304401.3,7151711.8
2022-08-04,2.669,2.795,2.545,2.582,13538830.1,6709238.8
2022-08-05,2.582,2.78,2.569,2.744,12411886.5,6081375.9
2022-08-06,2.744,2.799,2.653,2.673,7071851.3,3330665.6
2022-08-07,2.673,2.846,2.624,2.778,10142085.1,5278821
2022-08-08,2.778,3.037,2.765,2.882,19669503.6,9778598.5
2022-08-09,2.882,2.893,2.652,2.69,14417304,7167680.9
2022-08-10,2.69,2.948,2.606,2.933,22120572.6,10943092.7
2022-08-11,2.932,3.149,2.833,2.854,23819426.1,12025563.3
2022-08-12,2.854,2.98,2.804,2.966,13971979.8,6985859
2022-08-13,2.966,3.008,2.842,2.914,9093231.9,4401267.4
2022-08-14,2.915,3.024,2.782,2.8,11221495.8,5527526.9
2022-08-15,2.801,2.953,2.648,2.702,13225321.5,6337186.7
2022-08-16,2.702,2.744,2.592,2.634,10122343.7,4887614.8
2022-08-17,2.635,2.799,2.468,2.488,15185121.9,7310401.9
2022-08-18,2.487,2.578,2.387,2.395,9082811.2,4484265.1
2022-08-19,2.395,2.397,2.078,2.085,19788658.3,10048998
2022-08-20,2.085,2.196,2.024,2.088,13110984.9,6707297
2022-08-21,2.089,2.199,2.079,2.171,9973314.9,5125232.7
2022-08-22,2.171,2.173,2.034,2.126,9957635.5,4858922.3
2022-08-23,2.126,2.196,2.048,2.171,11042587,5496488.7
2022-08-24,2.171,2.26,2.093,2.183,10159929.5,5086050.5
2022-08-25,2.182,2.283,2.155,2.184,9437932.5,4707238.5
2022-08-26,2.183,2.2,1.927,1.95,17345058.9,8402300.9
2022-08-27,1.949,1.977,1.903,1.948,8570573.7,4210850.4
2022-08-28,1.949,1.972,1.84,1.844,8032941.8,3864635.3
2022-08-29,1.844,1.968,1.828,1.962,9013882.1,4595565.4
2022-08-30,1.962,1.992,1.844,1.887,9860285.7,4905686.6
2022-08-31,1.888,1.987,1.888,1.915,8283748.5,4171107.1
2022-09-01,1.915,1.941,1.848,1.936,6680579.6,3332427.4
2022-09-02,1.936,1.981,1.876,1.903,7219480.6,3633178.4
2022-09-03,1.902,1.917,1.861,1.892,2690117.4,1278516.4
2022-09-04,1.893,1.946,1.88,1.943,3636855.1,1923731
2022-09-05,1.943,1.964,1.856,1.912,4468670.8,2194274.1
2022-09-06,1.913,1.975,1.752,1.755,11912751.6,6022548.9
2022-09-07,1.755,1.861,1.724,1.833,6065167.7,3044996.6
2022-09-08,1.834,1.886,1.804,1.842,7736995.8,3762988.2
2022-09-09,1.843,2.034,1.839,2.006,10759301.5,5559942.2
2022-09-10,2.006,2.058,1.972,2.03,7746130.6,3950675.9
2022-09-11,2.031,2.047,1.974,2.009,5701324.3,2804410.1
2022-09-12,2.008,2.09,1.924,1.947,12566180.2,6102181.7
2022-09-13,1.947,1.97,1.767,1.778,13815869.2,6683507.9
2022-09-14,1.779,1.824,1.73,1.801,9229919.4,4426788
2022-09-15,1.8,1.81,1.667,1.708,11056277.5,5233936.3
2022-09-16,1.707,1.733,1.675,1.725,7749849,3684033.8
2022-09-17,1.726,1.82,1.724,1.797,4727239.8,2320768.2
2022-09-18,1.797,1.798,1.61,1.644,7240547.6,3493708.2
2022-09-19,1.645,1.698,1.586,1.683,8650446.4,4249180.9
2022-09-20,1.683,1.697,1.599,1.607,7193198.7,3335583.6
2022-09-21,1.608,1.768,1.53,1.554,11229360.3,5634618.1
2022-09-22,1.553,1.658,1.547,1.641,7000519.1,3338136
2022-09-23,1.642,1.665,1.567,1.649,8290324.2,3956300.3
2022-09-24,1.649,1.673,1.616,1.625,5933689.9,2841113.8
2022-09-25,1.625,1.656,1.574,1.587,4506561.8,2112793.5
2022-09-26,1.588,1.618,1.555,1.6,5738038.9,2737810
2022-09-27,1.601,1.68,1.539,1.567,8667586.3,4046341.4
2022-09-28,1.567,1.577,1.504,1.565,5891126.2,2761441.6
2022-09-29,1.565,1.585,1.532,1.581,4263708.1,1900579
2022-09-30,1.581,1.612,1.547,1.57,4582609.6,1965748.9
2022-10-01,1.571,1.583,1.534,1.543,1595479.8,637151.7
2022-10-02,1.544,1.56,1.492,1.5,3073264.6,1479551.5
2022-10-03,1.5,1.602,1.476,1.6,4823337.9,2309502
2022-10-04,1.6,1.678,1.6,1.647,6556608.9,3048659
2022-10-05,1.647,1.679,1.597,1.669,4136265.4,1927283.1
2022-10-06,1.668,1.695,1.611,1.625,3610825.6,1538100.7
2022-10-07,1.625,1.635,1.565,1.589,2888364.5,1182268.4
2022-10-08,1.588,1.606,1.544,1.558,1591956.9,580121.5
2022-10-09,1.559,1.608,1.55,1.605,2111669.8,1009726.2
2022-10-10,1.605,1.649,1.51,1.522,4735320.6,1957104
2022-10-11,1.522,1.538,1.477,1.513,3648155.2,1557845.6
2022-10-12,1.512,1.537,1.486,1.509,2218125.2,963855.4
2022-10-13,1.509,1.51,1.368,1.483,7705032.7,3440646.9
2022-10-14,1.482,1.542,1.439,1.459,3866178.3,1746371.9
2022-10-15,1.458,1.468,1.424,1.435,2045036.7,955179.4
2022-10-16,1.434,1.494,1.433,1.478,2194999,1003780.9
2022-10-17,1.478,1.559,1.464,1.547,4460461.3,2090289.6
2022-10-18,1.547,1.558,1.469,1.504,4455015,1815878.2
2022-10-19,1.505,1.509,1.427,1.442,4546752.4,2113937.9
2022-10-20,1.441,1.483,1.416,1.429,3378960.7,1488278.1
2022-10-21,1.429,1.444,1.373,1.432,3972566.2,1727355.8
2022-10-22,1.432,1.445,1.413,1.436,1697792.2,707236.7
2022-10-23,1.436,1.49,1.413,1.484,2580516.1,1178149.5
2022-10-24,1.484,1.49,1.427,1.442,3577332.4,1526658.8
2022-10-25,1.442,1.545,1.435,1.501,5431551.5,2408051.1
2022-10-26,1.502,1.564,1.494,1.539,6103737.8,2727504.8
2022-10-27,1.539,1.605,1.501,1.504,8076138.6,3432531.2
2022-10-28,1.504,1.578,1.48,1.563,5501340.2,2643881.1
2022-10-29,1.563,1.624,1.555,1.571,6546033.4,3117233.2
2022-10-30,1.572,1.619,1.537,1.555,5143233.9,2252847.2
2022-10-31,1.556,1.606,1.541,1.577,5422840.1,2434178.7
2022-11-01,1.577,1.61,1.559,1.563,4698729.8,2246129.7
2022-11-02,1.564,1.564,1.449,1.476,7393904.7,3498083.4
2022-11-03,1.475,1.528,1.468,1.495,5632667,2713403.5
2022-11-04,1.495,1.665,1.494,1.662,9053463.8,4663425.4
2022-11-05,1.662,1.722,1.64,1.665,8414267,4242896.9
2022-11-06,1.665,1.73,1.606,1.608,7023811.6,3382960
2022-11-07,1.608,1.686,1.574,1.623,8065189.3,3574603.3
2022-11-08,1.623,1.64,1.254,1.364,19531729.8,9596733.1
2022-11-09,1.365,1.376,1.003,1.032,19861213.3,9848461.1
2022-11-10,1.032,1.393,1.019,1.228,15635516.6,8633395
2022-11-11,1.228,1.235,1.106,1.156,7123617.9,3464204.7
2022-11-12,1.156,1.159,1.096,1.112,3116938.9,1411378.6
2022-11-13,1.112,1.158,1.09,1.131,6477820.1,3021460
2022-11-14,1.131,1.221,1.071,1.193,8909656.9,4246830.6
2022-11-15,1.194,1.326,1.184,1.233,8542485.6,4112208.6
2022-11-16,1.233,1.252,1.173,1.196,4479890.2,1996162.9
2022-11-17,1.196,1.207,1.163,1.19,3272933.3,1490493.8
2022-11-18,1.19,1.218,1.185,1.199,2173907.6,1073587.9
2022-11-19,1.198,1.239,1.173,1.225,2666517.7,1393318.3
2022-11-20,1.224,1.236,1.138,1.153,2971260,1386342.8
2022-11-21,1.153,1.157,1.084,1.108,5620338.7,2692116.8
2022-11-22,1.108,1.15,1.054,1.132,4079744.1,2039109.1
2022-11-23,1.132,1.182,1.122,1.18,3134855.6,1527066.2
2022-11-24,1.18,1.199,1.167,1.181,2739199,1158359.5
2022-11-25,1.181,1.194,1.151,1.192,3015271.8,1202402.4
2022-11-26,1.192,1.228,1.18,1.188,2244772.3,982285.6
2022-11-27,1.188,1.209,1.176,1.181,1629553.9,727158.8
2022-11-28,1.182,1.189,1.132,1.169,3870778.5,1764642.2
2022-11-29,1.17,1.247,1.153,1.228,3981727.6,2051359.2
2022-11-30,1.228,1.3,1.227,1.293,4047602.8,1953867.9
2022-12-01,1.293,1.35,1.256,1.327,4465263.2,2471848.9
2022-12-02,1.327,1.38,1.311,1.38,5578187.6,2691347.6
2022-12-03,1.38,1.407,1.32,1.325,3265236.7,1371874.5
2022-12-04,1.326,1.383,1.324,1.377,3981289.5,2053091.2
2022-12-05,1.377,1.42,1.347,1.377,3543746.6,1671863.1
2022-12-06,1.376,1.399,1.362,1.388,2668089.5,1247744.2
2022-12-07,1.389,1.396,1.324,1.374,3345539.7,1654091
2022-12-08,1.375,1.439,1.357,1.428,3981849.2,2105771.4
2022-12-09,1.429,1.436,1.374,1.38,3790712.3,1830264.1
2022-12-10,1.38,1.427,1.378,1.416,1695419.3,834113.7
2022-12-11,1.415,1.429,1.376,1.379,1856899.5,900971.2
2022-12-12,1.379,1.395,1.353,1.39,2824225.1,1306629.5
2022-12-13,1.391,1.433,1.336,1.418,4982511.7,2524456.7
2022-12-14,1.418,1.497,1.417,1.466,7089340.4,3902054.2
2022-12-15,1.467,1.489,1.435,1.45,4225159.4,2023490.5
2022-12-16,1.451,1.482,1.304,1.319,6600789.3,3022630.1
2022-12-17,1.319,1.332,1.275,1.307,3626737,1803303.1
2022-12-18,1.307,1.329,1.291,1.32,1536738.4,774261.6
2022-12-19,1.32,1.354,1.296,1.299,3901147.3,1889930.3
2022-12-20,1.299,1.374,1.288,1.36,3811660.8,1919622.8
2022-12-21,1.36,1.391,1.345,1.378,2747164.8,1322978.6
2022-12-22,1.376,1.389,1.336,1.388,2649100.5,1225895.9
2022-12-23,1.389,1.419,1.381,1.394,1967607,929158.8
2022-12-24,1.394,1.408,1.39,1.396,1103132.7,513267.7
2022-12-25,1.396,1.403,1.363,1.385,1375313.1,741081.8
2022-12-26,1.386,1.392,1.365,1.389,1068706.2,558306.4
2022-12-27,1.389,1.398,1.371,1.38,1521758,720475.9
2022-12-28,1.381,1.385,1.311,1.316,2280941.6,1129608.2
2022-12-29,1.316,1.327,1.272,1.3,2461284.1,1005393
2022-12-30,1.3,1.302,1.25,1.274,2472611.9,1108283.4
2022-12-31,1.274,1.291,1.264,1.273,1167772.8,520125.2
2023-01-01,1.274,1.287,1.266,1.287,611129.3,267597.7
2023-01-02,1.288,1.331,1.275,1.317,1981929.3,1072589.7
2023-01-03,1.317,1.345,1.303,1.324,1980107.2,1059684.8
2023-01-04,1.324,1.372,1.32,1.357,3735763.3,1862244.8
2023-01-05,1.357,1.365,1.337,1.348,1721191.4,882201.5
2023-01-06,1.348,1.379,1.328,1.377,2059658.3,1060753
2023-01-07,1.376,1.385,1.358,1.372,1052625.3,558966.1
2023-01-08,1.372,1.428,1.356,1.42,1812215.2,870317.1
2023-01-09,1.419,1.494,1.417,1.439,5720863.2,2754158.5
2023-01-10,1.439,1.477,1.416,1.463,3157639.8,1473143.2
2023-01-11,1.464,1.473,1.403,1.472,3436716.1,1642220.7
2023-01-12,1.471,1.6,1.467,1.564,6538608.6,3234684.5
2023-01-13,1.564,1.697,1.538,1.684,4919115.3,2191139.5
2023-01-14,1.684,1.82,1.621,1.762,9700639.2,4807144.6
2023-01-15,1.762,1.815,1.693,1.75,6954700.1,3403676.5
2023-01-16,1.75,1.828,1.676,1.765,7109657.8,3593053.2
2023-01-17,1.765,1.782,1.698,1.701,3463726.6,1649601.6
2023-01-18,1.701,1.756,1.586,1.596,5759754.4,2735548.1
2023-01-19,1.596,1.658,1.592,1.644,2367034.7,1068390.7
2023-01-20,1.644,1.797,1.628,1.792,3967714.3,2225996.4
2023-01-21,1.791,1.85,1.717,1.755,4850061.8,2392772.1
2023-01-22,1.755,1.831,1.725,1.755,4293444.7,2088317
2023-01-23,1.756,1.795,1.706,1.73,4836765.1,2283535.8
2023-01-24,1.73,1.88,1.665,1.681,8210867.6,4143889.7
2023-01-25,1.681,1.814,1.638,1.761,7382666.8,3347779.1
2023-01-26,1.762,1.8,1.723,1.768,5395340.2,2594095.7
2023-01-27,1.766,1.919,1.711,1.887,9496056.8,4564339.4
2023-01-28,1.888,1.912,1.812,1.835,4991374.7,2457754.8
2023-01-29,1.833,1.942,1.82,1.911,4500378.1,2277676.2
2023-01-30,1.911,1.919,1.717,1.756,7480799.9,3226018.4
2023-01-31,1.755,1.804,1.744,1.768,3501981.8,1632226.3
2023-02-01,1.769,1.881,1.687,1.831,6891014.6,3365037.4
2023-02-02,1.833,1.97,1.832,1.851,9385740.8,4419090
2023-02-03,1.852,1.919,1.828,1.897,6501922.8,3097142.2
2023-02-04,1.898,1.922,1.86,1.876,3655612.2,1655057.5
2023-02-05,1.876,1.88,1.738,1.777,4839527.7,2310086.1
2023-02-06,1.776,1.842,1.744,1.765,5032289.7,2479239.7
2023-02-07,1.764,1.958,1.76,1.95,8859243.2,4119504
2023-02-08,1.95,1.972,1.837,1.886,6856883.6,3321267.8
2023-02-09,1.887,1.896,1.624,1.666,8282246.2,3987781.5
2023-02-10,1.665,1.706,1.644,1.668,4691396.8,2325599.4
2023-02-11,1.667,1.725,1.657,1.716,1971056.1,1011053.1
2023-02-12,1.716,1.74,1.659,1.684,2664672.7,1321644.1
2023-02-13,1.683,1.694,1.592,1.644,5174208.8,2306786.2
2023-02-14,1.644,1.707,1.622,1.701,4648518.3,2309870.5
2023-02-15,1.702,1.816,1.686,1.812,5711249.5,2958798.6
2023-02-16,1.812,1.836,1.66,1.666,7502920.5,3586251
2023-02-17,1.666,1.777,1.658,1.742,5530390.5,2701060.8
2023-02-18,1.742,1.791,1.742,1.773,3279657.3,1682888.1
2023-02-19,1.773,1.824,1.724,1.735,5155966.3,2634363.5
2023-02-20,1.736,1.83,1.69,1.821,6604215.7,3173616.6
2023-02-21,1.821,1.855,1.737,1.765,6001711.2,2888778.3
2023-02-22,1.765,1.772,1.658,1.712,4933673.9,2522680
2023-02-23,1.712,1.767,1.692,1.719,3925779.1,1826501.4
2023-02-24,1.719,1.737,1.618,1.642,4108748.5,1949640.5
2023-02-25,1.641,1.642,1.556,1.604,2638763.4,1215561
2023-02-26,1.605,1.656,1.595,1.651,1763693.9,907683.7
2023-02-27,1.65,1.658,1.588,1.616,2847784.3,1365724.8
2023-02-28,1.616,1.622,1.561,1.568,3112902.2,1503824.9
2023-03-01,1.568,1.683,1.558,1.682,4499339.5,2130483.4
2023-03-02,1.682,1.697,1.6,1.634,4997202.8,2314098.2
2023-03-03,1.635,1.638,1.457,1.508,6782812.1,3265244.1
2023-03-04,1.508,1.517,1.438,1.464,2674482.3,1205964.5
2023-03-05,1.465,1.503,1.454,1.48,1992294.8,928212.1
2023-03-06,1.479,1.507,1.452,1.495,3072919.4,1401334
2023-03-07,1.495,1.517,1.437,1.465,3706672.4,1659090
2023-03-08,1.465,1.472,1.36,1.365,4280164.2,2060113.8
2023-03-09,1.365,1.393,1.249,1.272,5575015.1,2679766.4
2023-03-10,1.272,1.272,1.2,1.233,7018996.2,3295563.1
2023-03-11,1.232,1.27,1.162,1.21,5553651.6,2734884.4
2023-03-12,1.21,1.336,1.194,1.331,5121147.2,2480888.9
2023-03-13,1.331,1.424,1.292,1.408,8802576.1,4453477.2
2023-03-14,1.407,1.536,1.374,1.452,10339486.5,5073769.3
2023-03-15,1.452,1.468,1.318,1.338,8357771.1,4148928.6
2023-03-16,1.338,1.375,1.324,1.358,6565042.2,3445759.1
2023-03-17,1.358,1.477,1.343,1.468,6767510.9,3385224.9
2023-03-18,1.467,1.494,1.41,1.42,6602518.2,3375975.1
2023-03-19,1.42,1.491,1.42,1.451,4621326.9,2386559.8
2023-03-20,1.452,1.465,1.39,1.4,6089337.3,3094058.5
2023-03-21,1.4,1.46,1.368,1.446,5345635.3,2539615.3
2023-03-22,1.447,1.45,1.332,1.363,6727638.9,3362318
2023-03-23,1.363,1.45,1.357,1.442,4191952.5,2009652.5
2023-03-24,1.442,1.446,1.36,1.382,4424840.3,2149463.8
2023-03-25,1.383,1.399,1.36,1.378,2433470.3,1216331.9
2023-03-26,1.379,1.421,1.374,1.402,1934968.6,968801.5
2023-03-27,1.402,1.407,1.313,1.332,3590530.7,1797478.6
2023-03-28,1.333,1.355,1.292,1.339,4161637.1,1991322.4
2023-03-29,1.34,1.428,1.34,1.419,4911373,2359629.3
2023-03-30,1.419,1.45,1.374,1.397,4280833.9,1994043.1
2023-03-31,1.397,1.438,1.377,1.433,3537736.5,1782378.2
2023-04-01,1.434,1.49,1.43,1.467,4455420.4,2272808
2023-04-02,1.467,1.486,1.414,1.435,4103279.4,1882321.9
2023-04-03,1.437,1.505,1.397,1.486,7191168.7,3466715.3
2023-04-04,1.487,1.596,1.481,1.589,9094103.8,4629139.1
2023-04-05,1.589,1.662,1.573,1.603,8894035.1,4595461.3
2023-04-06,1.603,1.605,1.549,1.573,5311466.1,2616046
2023-04-07,1.573,1.583,1.532,1.557,4000922,2033685.6
2023-04-08,1.557,1.575,1.549,1.554,1966700.8,907199.1
2023-04-09,1.554,1.605,1.537,1.588,3273867.9,1745417.9
2023-04-10,1.589,1.649,1.576,1.645,4273647.4,2185790
2023-04-11,1.646,1.674,1.62,1.628,5280522.7,2652270.3
2023-04-12,1.628,1.633,1.574,1.597,5956027.4,2913581.6
2023-04-13,1.598,1.641,1.589,1.63,3489178.7,1751797.7
2023-04-14,1.63,1.696,1.618,1.675,5247386.2,2510878
2023-04-15,1.674,1.69,1.654,1.666,2470815.3,1257657.4
2023-04-16,1.665,1.692,1.642,1.682,2816956.1,1419837.7
2023-04-17,1.682,1.686,1.621,1.643,4376659.4,2091428.7
2023-04-18,1.643,1.711,1.619,1.694,4928967,2380178.4
2023-04-19,1.694,1.695,1.5,1.521,6040262.6,2907922.3
2023-04-20,1.52,1.569,1.457,1.49,3458856.4,1713031.2
2023-04-21,1.49,1.505,1.356,1.37,7137991.9,2929933.6
2023-04-22,1.369,1.402,1.361,1.399,2351399,1180679
2023-04-23,1.399,1.399,1.338,1.375,3319556.5,1562041.5
2023-04-24,1.375,1.396,1.335,1.361,4736565,2378279.9
2023-04-25,1.362,1.379,1.321,1.373,5416177.1,2507307.6
2023-04-26,1.373,1.457,1.294,1.35,8211475,4197974.3
2023-04-27,1.35,1.401,1.341,1.383,5237293,2529712.2
2023-04-28,1.383,1.383,1.335,1.352,3489922.2,1874204.5
2023-04-29,1.351,1.372,1.345,1.368,2465348.2,1152734.7
2023-04-30,1.368,1.384,1.338,1.343,3258568.9,1590814.8
2023-05-01,1.342,1.349,1.285,1.302,3279022.7,1481572.6
2023-05-02,1.301,1.318,1.287,1.305,2424327.9,1161329.2
2023-05-03,1.306,1.335,1.275,1.327,3713328,1726532.2
2023-05-04,1.328,1.339,1.309,1.316,2073606.2,996942.6
2023-05-05,1.317,1.357,1.302,1.343,3089042.5,1498564.9
2023-05-06,1.342,1.358,1.275,1.294,2609352.7,1275345.9
2023-05-07,1.294,1.309,1.277,1.28,1672295.9,836067.4
2023-05-08,1.281,1.29,1.158,1.207,4872807.8,2478184.6
2023-05-09,1.207,1.218,1.19,1.198,2170827.5,1078272.5
2023-05-10,1.198,1.226,1.149,1.209,4543137.3,2102403.8
2023-05-11,1.21,1.21,1.152,1.171,3181026.7,1599870.4
2023-05-12,1.171,1.187,1.137,1.187,3094652.3,1454843.1
2023-05-13,1.187,1.192,1.171,1.182,2368280.7,1113539.2
2023-05-14,1.183,1.199,1.172,1.181,1630560.3,864874.4
2023-05-15,1.181,1.201,1.169,1.18,2560691.8,1295355.5
2023-05-16,1.18,1.184,1.147,1.162,2773025,1400184.9
2023-05-17,1.163,1.217,1.128,1.198,5219154.6,2293365.1
2023-05-18,1.198,1.209,1.151,1.174,4162939.9,2072030.3
2023-05-19,1.173,1.174,1.152,1.162,2319750.5,1008264.2
2023-05-20,1.162,1.171,1.143,1.152,2604034.6,1209614.3
2023-05-21,1.152,1.157,1.106,1.112,1989278.4,936840.1
2023-05-22,1.113,1.12,1.092,1.112,3234138,1605724.8
2023-05-23,1.113,1.144,1.108,1.139,3311076.9,1639013.2
2023-05-24,1.139,1.14,1.082,1.095,3374168.7,1593739.6
2023-05-25,1.095,1.126,1.069,1.121,4145441.3,1777169.4
2023-05-26,1.121,1.144,1.111,1.136,2901207.6,1271474.4
2023-05-27,1.137,1.148,1.127,1.138,2015653,944874.3
2023-05-28,1.139,1.175,1.129,1.168,3731517.6,1926647.1
2023-05-29,1.169,1.177,1.153,1.164,2579778,1149947.5
2023-05-30,1.164,1.173,1.147,1.152,3371460.1,1614857.4
2023-05-31,1.153,1.158,1.112,1.125,3011189,1483918.3
2023-06-01,1.125,1.146,1.105,1.136,3243342.4,1508873.4
2023-06-02,1.136,1.179,1.126,1.176,2986176.5,1490830.8
2023-06-03,1.176,1.185,1.158,1.166,2067555.9,1013593.1
2023-06-04,1.166,1.188,1.158,1.174,2245153.2,995221.3
2023-06-05,1.175,1.175,1.048,1.079,5417187.2,2594330.9
2023-06-06,1.079,1.128,1.061,1.123,3518142.5,1839597
2023-06-07,1.122,1.129,1.065,1.072,4407971.5,2042972.2
2023-06-08,1.072,1.092,1.063,1.08,2176245.7,1071289.3
2023-06-09,1.079,1.096,1.068,1.074,2788226.3,1474655.9
2023-06-10,1.073,1.075,0.917,0.946,9660711.7,5277569
2023-06-11,0.945,0.947,0.912,0.919,2326775.8,1168183.6
2023-06-12,0.92,0.92,0.832,0.847,10064509.2,4689194.9
2023-06-13,0.847,0.879,0.834,0.845,5329142.5,2564303.7
2023-06-14,0.846,0.859,0.777,0.797,6497996.9,3160440.5
2023-06-15,0.796,0.841,0.782,0.822,5858780.1,2853534.2
2023-06-16,0.822,0.851,0.809,0.839,2423031.8,1184391.5
2023-06-17,0.839,0.862,0.829,0.835,2791961.6,1120801.9
2023-06-18,0.836,0.852,0.82,0.832,3302546.4,1672176.3
2023-06-19,0.832,0.852,0.823,0.847,3505466.1,1965952.1
2023-06-20,0.848,0.884,0.829,0.879,3272007.3,1782927.2
2023-06-21,0.879,0.942,0.876,0.93,5785284.4,3081692
2023-06-22,0.931,0.958,0.913,0.924,5327121.7,2423513.2
2023-06-23,0.925,0.987,0.924,0.971,4889276.5,2403816.8
2023-06-24,0.972,0.985,0.952,0.971,2277689.3,1025750.1
2023-06-25,0.972,1.041,0.968,1.005,5902601.6,2615266.8
2023-06-26,1.006,1.03,0.969,0.987,5453841.7,2614159.6
2023-06-27,0.987,1.025,0.984,1.006,3512355.8,1615127
2023-06-28,1.006,1.008,0.926,0.95,3951676.7,1953195.1
2023-06-29,0.951,1.001,0.948,0.976,3451248,1587121.5
2023-06-30,0.976,1.04,0.936,1.031,9432740.5,4558898.1
2023-07-01,1.031,1.065,1.028,1.065,4562414,2112458.4
2023-07-02,1.065,1.08,1.039,1.071,4067533.6,1957933.6
2023-07-03,1.071,1.109,1.068,1.098,4392710.6,1987546.7
2023-07-04,1.097,1.108,1.053,1.057,5841226,2760967.2
2023-07-05,1.058,1.072,1.021,1.034,3841537.5,1945113.6
2023-07-06,1.033,1.068,0.995,0.995,3714587.5,1763704.8
2023-07-07,0.996,1.023,0.984,1.01,2468547.3,1197084.3
2023-07-08,1.01,1.023,0.99,1.005,2894261,1698768
2023-07-09,1.004,1.015,0.994,0.998,1008450.6,520908.2
2023-07-10,0.998,1.024,0.973,1.015,3030515.9,1557049.2
2023-07-11,1.015,1.02,0.981,0.991,2702832.6,1279174.2
2023-07-12,0.992,1.007,0.972,0.981,1920749.4,1031354
2023-07-13,0.982,1.07,0.969,1.067,5305375.7,2489308.1
2023-07-14,1.068,1.086,0.986,1.031,6876887.5,3333789
2023-07-15,1.031,1.039,1.015,1.035,3112374.2,1330016.5
2023-07-16,1.036,1.04,1.009,1.014,2855298.3,1448742.7
2023-07-17,1.013,1.033,0.993,1.012,5430621.8,2603650.3
2023-07-18,1.013,1.024,0.973,0.987,3831922,1993582
2023-07-19,0.987,1.012,0.985,0.997,3404281.1,1472671.3
2023-07-20,0.997,1.022,0.981,0.996,3582280.5,1590600.1
2023-07-21,0.996,1.008,0.983,0.991,4321167.6,2077632.2
2023-07-22,0.992,1,0.972,0.979,1542989.5,790170
2023-07-23,0.98,1.004,0.975,0.992,1846332.3,874899.4
2023-07-24,0.992,0.995,0.935,0.963,3413089,2004495.9
2023-07-25,0.962,0.966,0.942,0.95,2381490.5,1156507.8
2023-07-26,0.95,0.957,0.934,0.942,1885478.9,864076.3
2023-07-27,0.942,0.959,0.921,0.927,1714444.2,731523.2
2023-07-28,0.928,0.938,0.917,0.938,1369854.5,630771.5
2023-07-29,0.938,0.947,0.935,0.94,1251254.5,519628.4
2023-07-30,0.94,0.943,0.905,0.927,1467381.9,717845.1
2023-07-31,0.928,0.945,0.924,0.936,2011637.2,998691.7
2023-08-01,0.937,0.955,0.91,0.954,2519143.9,1284049.1
2023-08-02,0.955,0.961,0.921,0.928,2383740.1,1235260.6
2023-08-03,0.929,0.938,0.919,0.929,1492497.4,654303.5
2023-08-04,0.93,0.94,0.92,0.93,1453067.4,651736.1
2023-08-05,0.93,0.931,0.92,0.928,2083078.5,766619.8
2023-08-06,0.929,0.94,0.926,0.934,1788746,750402.2
2023-08-07,0.934,0.957,0.931,0.956,3687273.1,1917409.5
2023-08-08,0.956,1.029,0.951,1.003,5917835.3,3127081.7
2023-08-09,1.003,1.045,0.991,1.016,7598784.8,3746789.4
2023-08-10,1.016,1.065,1.014,1.052,9302044,5206394.9
2023-08-11,1.051,1.15,1.05,1.143,10298283.9,5335973.5
2023-08-12,1.143,1.292,1.106,1.272,25150078.9,13440434.3
2023-08-13,1.272,1.455,1.267,1.382,39896467.8,20523680.3
2023-08-14,1.382,1.499,1.349,1.471,21451754.5,10461331.8
2023-08-15,1.471,1.65,1.453,1.551,49328050.7,24928862.2
2023-08-16,1.551,1.674,1.414,1.452,26703351,13615379.3
2023-08-17,1.451,1.633,1.384,1.498,21655162.6,10909869.3
2023-08-18,1.498,1.663,1.429,1.608,27694463.7,13973194.7
2023-08-19,1.608,2.029,1.456,1.73,47176818.4,24220895.8
2023-08-20,1.729,1.9,1.714,1.773,27100270.8,13483258.5
2023-08-21,1.772,1.773,1.606,1.741,24699712.3,12497889.8
2023-08-22,1.741,1.79,1.534,1.571,24187334.4,11892426.9
2023-08-23,1.571,1.678,1.558,1.599,17799600.9,9140489.2
2023-08-24,1.6,1.625,1.479,1.498,10386523.8,5077393.3
2023-08-25,1.498,1.575,1.455,1.484,18675608.5,9193549.6
2023-08-26,1.484,1.487,1.373,1.398,11300450.8,5360972.3
2023-08-27,1.397,1.499,1.397,1.469,17212172.9,9033575.4
2023-08-28,1.47,1.481,1.408,1.455,10176433,4937457.4
2023-08-29,1.455,1.734,1.448,1.615,19340859.3,9839715.7
2023-08-30,1.614,1.649,1.515,1.537,10782644.8,5450664.1
2023-08-31,1.538,1.579,1.458,1.501,9084835.5,4675521.2
2023-09-01,1.501,1.597,1.5,1.559,10409130.9,5264718.7
2023-09-02,1.559,1.615,1.547,1.561,6761401,3336240.6
2023-09-03,1.56,1.563,1.452,1.461,13299593.5,6183419.9
2023-09-04,1.46,1.481,1.426,1.458,6587971.2,3228544.1
2023-09-05,1.458,1.522,1.446,1.503,6051752,3376250.4
2023-09-06,1.502,1.598,1.489,1.565,8707635.2,4394280.6
2023-09-07,1.565,1.619,1.565,1.608,7480050.1,3943643.4
2023-09-08,1.608,1.632,1.556,1.589,3734601.5,1780388.6
2023-09-09,1.588,1.589,1.535,1.547,2730012.3,1322559
2023-09-10,1.547,1.561,1.513,1.541,5311766.6,2706549.8
2023-09-11,1.541,1.546,1.443,1.462,6545119.5,3174523.8
2023-09-12,1.461,1.539,1.457,1.484,9409915.6,4805362.4
2023-09-13,1.484,1.615,1.474,1.601,8094576.3,4465838.5
2023-09-14,1.6,1.684,1.592,1.64,8050572.2,4418496.6
2023-09-15,1.641,1.845,1.635,1.822,13459018.9,7563928.6
2023-09-16,1.821,1.956,1.804,1.936,15402152,8392808.3
2023-09-17,1.936,1.936,1.824,1.836,10978492.9,5660362.5
2023-09-18,1.836,1.986,1.816,1.871,11673291.3,6646544.1
2023-09-19,1.87,1.953,1.852,1.91,8877904.8,5110124.8
2023-09-20,1.91,1.945,1.755,1.786,11975849.1,6510036
2023-09-21,1.786,1.824,1.744,1.769,9305948.9,5393720.1
2023-09-22,1.769,1.804,1.72,1.739,4586808.1,2365686.5
2023-09-23,1.739,1.756,1.702,1.718,4021759.6,1876606.4
2023-09-24,1.718,1.722,1.656,1.671,3974986.8,1690063.5
2023-09-25,1.672,1.726,1.651,1.71,3767224.5,1951887.4
2023-09-26,1.71,1.746,1.687,1.746,5010152,2533169.2
2023-09-27,1.746,1.783,1.698,1.729,7547744.7,4290249.9
2023-09-28,1.728,1.969,1.723,1.927,11671728.2,5970327.7
2023-09-29,1.928,2.009,1.907,1.997,9096189.2,4673848.6
2023-09-30,1.997,2.03,1.901,1.925,7860421.7,4122297.9
2023-10-01,1.925,2.267,1.875,2.149,18445008.7,9272432.4
2023-10-02,2.149,2.22,1.915,2.023,22002572,11420004.4
2023-10-03,2.023,2.064,1.907,1.996,14888993.2,7504765.9
2023-10-04,1.997,2.078,1.864,2.05,18771523,10067466.8
2023-10-05,2.049,2.118,1.921,2.019,30257127,15191368.7
2023-10-06,2.019,2.054,1.733,1.763,31678730,16080395.5
2023-10-07,1.763,1.805,1.696,1.742,20498575.5,10864783.4
2023-10-08,1.742,1.746,1.681,1.734,9597291.5,4968869.3
2023-10-09,1.733,1.734,1.59,1.618,8360775.2,3751972.5
2023-10-10,1.618,1.699,1.614,1.683,7008273.6,3528993.1
2023-10-11,1.683,1.684,1.61,1.633,4989873.7,2414645.9
2023-10-12,1.633,1.647,1.468,1.645,13665119.9,6688814.6
2023-10-13,1.645,1.712,1.635,1.663,14661088.9,7995314.2
2023-10-14,1.662,1.673,1.629,1.634,3852810.9,2011883.2
2023-10-15,1.634,1.673,1.623,1.657,8216798.8,4370527.7
2023-10-16,1.657,1.782,1.637,1.639,16066285.6,8047423.7
2023-10-17,1.638,1.641,1.521,1.539,6827319.5,3659973.9
2023-10-18,1.538,1.59,1.535,1.574,5001999.6,2587068.9
2023-10-19,1.573,1.587,1.502,1.524,7114238.8,3441227.7
2023-10-20,1.524,1.655,1.5,1.636,12905030.2,7121034.2
2023-10-21,1.636,1.811,1.629,1.748,9930576,5137951.3
2023-10-22,1.748,1.84,1.74,1.83,9023021.5,4741357.6
2023-10-23,1.831,2.18,1.817,2.155,19838720.1,10503127.2
2023-10-24,2.155,2.248,2.047,2.201,19736828.6,10209775.3
2023-10-25,2.201,2.294,2.159,2.205,14142825.9,7241671.2
2023-10-26,2.205,2.389,2.161,2.375,17458002.3,8875251
2023-10-27,2.374,2.433,2.284,2.414,11527475.5,5938224.9
2023-10-28,2.414,2.568,2.409,2.494,9073780.3,4905233.9
2023-10-29,2.495,2.528,2.402,2.436,13831460.8,7231173.9
2023-10-30,2.436,2.826,2.425,2.75,17016747.1,8768389.7
2023-10-31,2.75,2.964,2.739,2.932,22058694.9,11554549.9
2023-11-01,2.932,3.11,2.864,2.959,17701338.9,9130575.4
2023-11-02,2.96,3.028,2.752,2.805,10796673.5,5354076
2023-11-03,2.805,3.476,2.76,3.366,29200804,14627602.5
2023-11-04,3.364,3.485,3.281,3.405,13410771.4,6760585.2
2023-11-05,3.404,3.547,3.233,3.35,14065140.4,7101114
2023-11-06,3.349,3.592,3.299,3.549,12563658.5,6521315.1
2023-11-07,3.551,3.608,3.158,3.388,19060002.8,9407348.6
2023-11-08,3.389,3.419,3.277,3.332,8854903.3,4611846.3
2023-11-09,3.331,4.017,3.276,3.93,34076590.2,16868457.6
2023-11-10,3.931,4.081,3.773,4.013,17590811.9,9074241.6
2023-11-11,4.014,4.821,3.9,4.726,27342623.8,14209786.7
2023-11-12,4.724,5.385,4.685,5.135,33792060.2,16872706.6
2023-11-13,5.135,5.299,4.746,4.823,19310017.8,9801217.9
2023-11-14,4.823,5.232,4.55,4.903,24396146.3,12392319.3
2023-11-15,4.902,6.181,4.883,6.08,29191771,14630565.5
2023-11-16,6.082,6.679,5.7,5.88,28603306.5,13926938.4
2023-11-17,5.879,6.52,5.767,6.443,22967540.2,11621740.5
2023-11-18,6.444,6.444,5.608,5.765,17692252.4,8932315.2
2023-11-19,5.764,5.767,5.1,5.56,21590423.7,11143799.1
2023-11-20,5.56,5.564,5.25,5.267,15912077.7,8446672.8
2023-11-21,5.266,5.59,4.885,4.886,32253832.7,16266516.7
2023-11-22,4.885,5.997,4.86,5.788,24346373.6,12827346
2023-11-23,5.789,6.09,5.464,5.47,12684212.9,6599368.5
2023-11-24,5.471,5.744,5.339,5.434,14601419.3,7736296.5
2023-11-25,5.435,5.519,5.204,5.441,8858492.5,4426327
2023-11-26,5.44,5.559,5.151,5.257,9763972.6,4771696.6
2023-11-27,5.256,5.51,5.17,5.466,17750670,8839086.8
2023-11-28,5.466,6.143,5.269,5.993,23813020.6,12540225.5
2023-11-29,5.992,6.486,5.947,6.367,19852413.4,10227545.2
2023-11-30,6.368,6.67,6.256,6.453,20030995.2,10474187.2
2023-12-01,6.454,6.658,6.28,6.455,12787280.7,6726580.6
2023-12-02,6.455,7.285,6.404,7.088,23223643.8,12057567.1
2023-12-03,7.088,7.203,6.847,6.97,10032549.7,5266351
2023-12-04,6.97,7.3,6.388,6.703,20717146,10907579.4
2023-12-05,6.703,6.777,6.199,6.555,16301275.4,8106898.8
2023-12-06,6.555,6.898,6.312,6.353,20166748.9,10692318.9
2023-12-07,6.355,6.598,6.193,6.52,12127917.8,6247062.2
2023-12-08,6.519,6.708,6.312,6.484,12964498.2,6571704
2023-12-09,6.486,6.658,6.071,6.141,11351239.7,5569971
2023-12-10,6.142,6.674,6.137,6.596,11584882.8,6000676.4
2023-12-11,6.595,6.632,5.4,5.868,18730839.9,9474619
2023-12-12,5.868,6.114,5.568,5.717,12714681.3,6407938.6
2023-12-13,5.716,6.286,5.354,5.851,13869701.6,6786744.3
2023-12-14,5.851,6.169,5.765,5.885,14204138.9,7313631.4
2023-12-15,5.885,6.049,5.65,5.692,11703570.6,6043582.2
2023-12-16,5.692,5.851,5.591,5.621,6627590.9,3484187.2
2023-12-17,5.621,5.738,5.483,5.498,8505922.7,4320522.3
2023-12-18,5.498,5.545,5.134,5.517,10556553.7,5379866.2
2023-12-19,5.517,5.629,5.053,5.129,9123939.6,4653247.6
2023-12-20,5.129,5.597,5.106,5.477,12183911.9,6141471.4
2023-12-21,5.477,5.577,5.277,5.409,10602311.8,5498416
2023-12-22,5.408,5.548,5.256,5.337,10152401.8,5182386.5
2023-12-23,5.336,5.697,5.125,5.582,9245829.1,4891479.1
2023-12-24,5.582,6.488,5.383,6.052,31600163.2,16847940.1
2023-12-25,6.053,6.304,5.551,5.859,19112198,9949150
2023-12-26,5.859,5.865,5.19,5.43,17281392.6,8600869.1
2023-12-27,5.431,5.778,5.245,5.649,14585729.3,7726757.2
2023-12-28,5.65,5.806,5.369,5.55,12957595.2,6647137.5
2023-12-29,5.55,5.633,5.175,5.323,10298221.1,5029119.4
2023-12-30,5.323,5.373,5.002,5.241,9245351.2,4751537.8
2023-12-31,5.242,5.339,5,5.162,11423767.5,5837681.8
2024-01-01,5.162,5.359,5.053,5.348,9808070.9,4954778.2
2024-01-02,5.348,5.933,5.347,5.711,20088247.6,10564698.7
2024-01-03,5.711,6.164,4.4,5.355,29739271.2,15444958.9
2024-01-04,5.354,5.545,5.177,5.397,12869263.3,6630159.6
2024-01-05,5.398,5.434,5.019,5.225,12768792,6436836.7
2024-01-06,5.224,5.235,4.793,4.917,11001823.6,5750764.8
2024-01-07,4.917,4.964,4.535,4.568,9611024.4,4810987.1
2024-01-08,4.57,4.973,4.272,4.904,26500565.6,13663534
2024-01-09,4.904,5.021,4.62,4.742,15139609.5,7814184
2024-01-10,4.742,5.206,4.478,5.05,16891073,8887723.5
2024-01-11,5.051,5.498,4.918,5.103,17897919.7,8679642.1
2024-01-12,5.103,5.122,4.386,4.562,23236541.9,11682300.6
2024-01-13,4.563,4.676,4.446,4.581,13401695.3,6560450.7
2024-01-14,4.581,4.677,4.435,4.443,9955020.2,4935059.1
2024-01-15,4.444,4.65,4.435,4.559,7099642.4,3602209.7
2024-01-16,4.562,4.786,4.535,4.759,7574360.7,3931292.2
2024-01-17,4.759,4.841,4.266,4.284,10751498.1,5146326.1
2024-01-18,4.285,4.287,3.919,4.059,17963100.9,8820882.7
2024-01-19,4.06,4.239,3.928,4.197,15617629.2,7894848.9
2024-01-20,4.197,4.206,4.042,4.12,6286461.8,3469858.6
2024-01-21,4.119,4.342,4.096,4.208,8294709.2,4235875.2
2024-01-22,4.207,4.224,3.888,3.937,12145157.4,6410308.8
2024-01-23,3.937,4.086,3.75,3.981,15745377.3,8016661.5
2024-01-24,3.98,4.123,3.924,4.08,8914831.1,4601800.5
2024-01-25,4.081,4.109,3.958,4.033,7291407.8,3962019.5
2024-01-26,4.032,4.397,4.004,4.329,9930527.7,5137549
2024-01-27,4.33,4.383,4.26,4.309,5393294.9,2922912.3
2024-01-28,4.309,4.432,4.213,4.259,7965185.3,4198237.3
2024-01-29,4.26,4.483,4.177,4.469,8851100.4,4716969.5
2024-01-30,4.469,4.848,4.436,4.729,19088772.8,9669389.7
2024-01-31,4.73,4.944,4.608,4.646,19842863.3,10087224.2
2024-02-01,4.647,4.668,4.431,4.585,12733864,6722818.1
2024-02-02,4.586,4.652,4.363,4.406,8830558.6,4577909.4
2024-02-03,4.406,4.429,4.307,4.354,5022833.7,2505566
2024-02-04,4.353,4.42,4.262,4.3,6606788.6,3357353.6
2024-02-05,4.3,4.549,4.23,4.423,9474694.3,5017653.1
2024-02-06,4.423,4.525,4.363,4.448,7470134,3670608.9
2024-02-07,4.449,4.58,4.334,4.576,8024414.2,3890977.4
2024-02-08,4.575,4.86,4.574,4.795,12210869.2,6332989.5
2024-02-09,4.795,5.499,4.783,5.254,29212796.1,14717025.4
2024-02-10,5.254,5.499,5.062,5.11,13137947.5,6284484.8
2024-02-11,5.11,5.297,5.095,5.173,8964390.2,4451057.8
2024-02-12,5.173,5.46,5.036,5.413,16106492.8,7823435.6
2024-02-13,5.414,5.482,5.096,5.218,11291809.4,5455236.8
2024-02-14,5.217,5.687,5.162,5.52,11838629.9,5600344.2
2024-02-15,5.521,5.78,5.457,5.711,16783386.9,8254889.3
2024-02-16,5.711,6.082,5.641,5.726,17647105.5,8722431.2
2024-02-17,5.727,5.862,5.371,5.42,11005976.7,5303426.5
2024-02-18,5.42,5.554,5.316,5.524,10870018.3,5520878
2024-02-19,5.524,5.61,5.373,5.465,9664734.3,4649072.1
2024-02-20,5.465,5.491,4.951,5.234,16576961.6,8456454.9
2024-02-21,5.235,5.246,4.889,5.163,11203783.2,5407205.9
2024-02-22,5.163,5.272,5.026,5.082,8890907.8,4478640.4
2024-02-23,5.081,5.228,4.951,5.176,11052512.1,5767990.6
2024-02-24,5.176,5.472,5.16,5.407,8746998,4544526.6
2024-02-25,5.405,5.453,5.35,5.391,5140567.5,2361153.5
2024-02-26,5.391,5.815,5.348,5.782,11058641.6,5411719.4
2024-02-27,5.783,6.061,5.757,5.98,13877361,6883545.1
2024-02-28,5.98,6.449,5.559,6.112,24850276.2,12961315.8
2024-02-29,6.111,6.21,5.626,5.744,18658037.8,9393347.4
2024-03-01,5.744,5.862,5.631,5.786,10776409.6,5304534.8
2024-03-02,5.785,5.836,5.635,5.758,10578129.5,5238288.7
2024-03-03,5.757,5.847,5.3,5.639,13452936.5,6637157.5
2024-03-04,5.639,5.81,5.361,5.572,17108763.8,8604676.2
2024-03-05,5.571,5.919,4.3,5.101,33920038.7,17459519.1
2024-03-06,5.1,5.413,4.925,5.283,19889782.9,9853566.2
2024-03-07,5.283,6.987,5.263,6.969,41045175,20767756
2024-03-08,6.967,8,6.744,7.253,53926011,28047371.5
2024-03-09,7.253,8.365,7.198,8.253,26252084.2,13647664.5
2024-03-10,8.253,8.897,8.03,8.573,30672339,15633472.5
2024-03-11,8.573,10.02,7.99,9.95,33194421,16949569.6
2024-03-12,9.949,10.47,9.16,10.446,37076475.4,18490797.5
2024-03-13,10.447,11.46,10.379,10.6,28572858.5,14136226.3
2024-03-14,10.602,11.183,9.45,10.281,27632719.1,13888208.6
2024-03-15,10.284,10.4,8.625,9.312,28922082.4,14343281
2024-03-16,9.314,9.599,7.996,8.172,24606938.6,12574721.2
2024-03-17,8.171,9.054,7.87,8.97,22532135.2,11692150.5
2024-03-18,8.969,8.992,8.07,8.23,20440837.3,10574113.6
2024-03-19,8.229,8.317,7.25,7.402,33383777.8,16743478.2
2024-03-20,7.401,9.48,7.166,9.376,31575966.2,16437464.8
2024-03-21,9.374,9.524,8.284,8.408,18048693.4,9055640.6
2024-03-22,8.407,8.804,7.827,8.089,17835813.7,9210460.5
2024-03-23,8.09,8.559,8.003,8.074,10842167,5926376.8
2024-03-24,8.073,8.792,8.045,8.74,8528184.7,4471604.3
2024-03-25,8.742,9.31,8.542,9.06,12997192.1,6852873.9
2024-03-26,9.057,9.867,9.016,9.506,18973759.2,10026992.9
2024-03-27,9.507,9.92,8.827,8.898,19413297.4,10221746.2
2024-03-28,8.899,9.57,8.791,9.278,15651364.6,8412681.5
2024-03-29,9.278,9.284,8.662,8.75,9379690.2,4484497.7
2024-03-30,8.75,8.837,8.352,8.38,5889817,2791537.1
2024-03-31,8.38,8.736,8.376,8.708,3516154.5,1879906.2
2024-04-01,8.707,8.707,7.908,8.194,9606445.2,4727652.3
2024-04-02,8.195,8.196,7.276,7.614,17558528.6,8635748.5
2024-04-03,7.616,7.77,7.12,7.324,15192897.6,7686901.6
2024-04-04,7.324,7.94,7.092,7.555,15814891,7791539.5
2024-04-05,7.553,7.554,6.98,7.44,14061044.8,7115978.6
2024-04-06,7.441,7.663,7.289,7.547,7576863.7,3819719.3
2024-04-07,7.547,7.635,7.323,7.427,7122840.2,3527114.4
2024-04-08,7.426,7.884,7.239,7.779,11844702.6,5906635
2024-04-09,7.777,7.809,7.239,7.365,14092948.4,7043554.8
2024-04-10,7.362,7.603,6.867,7.564,14318019.9,7492765.1
2024-04-11,7.564,7.671,6.948,7.182,12940505.5,6519555.4
2024-04-12,7.181,7.298,5.08,5.842,19928025.4,10392085.1
2024-04-13,5.842,5.843,4.3,4.949,44046994,22007499.9
2024-04-14,4.949,5.441,4.758,5.405,34223648.6,17039018.7
2024-04-15,5.404,5.671,4.934,5.174,27061952.5,13506571.1
2024-04-16,5.175,5.266,4.867,5.098,25915283.1,13459009.9
2024-04-17,5.097,5.204,4.601,4.764,21804110.5,11121065.7
2024-04-18,4.763,4.926,4.362,4.892,31610343.7,15971437.4
2024-04-19,4.891,5.505,4.444,5.382,36535874.4,18939872.5
2024-04-20,5.38,5.682,5.235,5.645,16288101.8,8241314.7
2024-04-21,5.644,5.885,5.502,5.615,18063766,9135060.6
2024-04-22,5.615,5.986,5.58,5.687,18557986.2,9672574.6
2024-04-23,5.686,5.763,5.469,5.686,14001787.3,7242595.7
2024-04-24,5.686,5.892,5.319,5.389,17838000.2,9038179.2
2024-04-25,5.387,5.605,5.235,5.511,18386993.9,9440504.7
2024-04-26,5.511,5.527,5.292,5.325,15402168,7736697.7
2024-04-27,5.327,5.348,4.93,5.134,15949856.8,8305326.2
2024-04-28,5.135,5.305,5.086,5.112,8513490,4297370.9
2024-04-29,5.112,5.171,4.91,5.107,12209969.8,6526289.4
2024-04-30,5.111,5.193,4.606,4.836,17430053.5,8670993.9
2024-05-01,4.837,5.008,4.506,4.852,25838558.5,12971175.2
2024-05-02,4.852,5.067,4.691,4.941,15728806.6,8074272
2024-05-03,4.943,5.369,4.882,5.314,16138366.8,8366141
2024-05-04,5.315,5.448,5.24,5.282,10192178.8,5096340.3
2024-05-05,5.281,5.341,5.164,5.22,7165311.5,3517960.4
2024-05-06,5.22,5.605,5.17,5.367,17526269.3,9047017.2
2024-05-07,5.368,5.571,5.206,5.292,18315365.8,9265421.2
2024-05-08,5.292,5.955,5.289,5.715,35211917.1,18049589.3
2024-05-09,5.713,6.358,5.702,6.293,30385276.1,15624029.4
2024-05-10,6.294,6.585,5.924,5.945,21116847.6,10632821.7
2024-05-11,5.947,6.061,5.714,5.824,10707259.3,5629417.2
2024-05-12,5.824,6.263,5.775,6.103,15764851.2,8178594.7
2024-05-13,6.103,6.193,5.783,5.808,20163239,10542942.2
2024-05-14,5.808,5.823,5.427,5.529,16762238.2,8648390.2
2024-05-15,5.53,6.315,5.471,6.259,23097485.2,11793448.5
2024-05-16,6.259,6.683,6.259,6.425,23480570.4,12102090.2
2024-05-17,6.425,7.092,6.41,6.82,19375900.5,9817265.1
2024-05-18,6.818,6.912,6.742,6.838,8079217.6,3961076.9
2024-05-19,6.838,6.847,6.543,6.597,8493816,4175544.5
2024-05-20,6.598,7.332,6.487,7.293,23247794.3,11895549.9
2024-05-21,7.293,7.347,6.61,6.816,14803920.9,7305627.7
2024-05-22,6.815,6.834,6.453,6.518,9702621.4,4565871.4
2024-05-23,6.518,6.608,5.95,6.293,14642940.7,7472039.3
2024-05-24,6.29,6.675,6.067,6.532,13016222.6,6561216.6
2024-05-25,6.531,6.813,6.514,6.65,8043589.7,3794616.8
2024-05-26,6.653,6.759,6.57,6.696,6657739.8,3124189.1
2024-05-27,6.696,7.092,6.69,6.898,10719951.9,5371694.2
2024-05-28,6.899,6.901,6.515,6.726,11847305.5,5531292.4
2024-05-29,6.726,6.766,6.534,6.612,7896141.2,3682755.1
2024-05-30,6.613,6.717,6.312,6.395,9219331.9,4573538
2024-05-31,6.398,6.411,5.999,6.077,8472658,4461808.8
2024-06-01,6.077,6.08,5.983,6.012,3512508.5,1704709.2
2024-06-02,6.011,6.167,5.798,5.912,7001271.1,3621723.3
2024-06-03,5.913,6.084,5.856,5.989,6815672.4,3452003.9
2024-06-04,5.988,6.244,5.952,6.191,6207567.5,2878978.2
2024-06-05,6.194,6.342,6.157,6.245,6116825.5,3032461.6
2024-06-06,6.245,6.261,5.959,6.016,5187826.4,2343870
2024-06-07,6.016,6.328,5.03,5.557,10878222.7,5782913.5
2024-06-08,5.558,5.615,5.321,5.365,8172085,4362748.3
2024-06-09,5.365,5.386,5.266,5.33,3869777.7,1908886.2
2024-06-10,5.331,5.351,5.165,5.212,7166738.3,3464333.1
2024-06-11,5.212,5.234,4.789,4.895,12621622.6,6228316.9
2024-06-12,4.893,5.418,4.798,5.09,15431204.5,7433265.9
2024-06-13,5.091,5.101,4.659,4.756,13159615.5,6916931.3
2024-06-14,4.756,4.889,4.5,4.675,9459036.9,4528431.2
2024-06-15,4.674,4.772,4.637,4.664,3385340.2,1858401.4
2024-06-16,4.664,4.723,4.577,4.704,3448929,1634537.7
2024-06-17,4.703,4.724,4.199,4.333,11763709.3,5602180.2
2024-06-18,4.333,4.344,3.825,4.052,20342640.3,9324744.9
2024-06-19,4.052,4.203,3.986,4.089,9946118.6,4751816.5
2024-06-20,4.088,4.469,4.066,4.244,14345878.4,7294612.4
2024-06-21,4.245,4.34,4.137,4.213,11679617.2,5980841
2024-06-22,4.214,4.271,4.129,4.2,4842059.8,2520290.2
2024-06-23,4.2,4.323,4.068,4.122,4766364.7,2592569.3
2024-06-24,4.122,4.161,3.874,4.117,16645393.2,8237063.3
2024-06-25,4.117,4.244,4.069,4.142,8220572.7,4251126.7
2024-06-26,4.143,4.252,4.024,4.053,8327137.5,4288114
2024-06-27,4.053,4.186,3.96,4.163,7146163,3594787.5
2024-06-28,4.162,4.185,3.915,3.932,7895266.1,3723597.3
2024-06-29,3.931,4.025,3.916,3.931,2756078.9,1343546.2
2024-06-30,3.931,4.177,3.875,4.155,5110663.4,2589463.5
2024-07-01,4.155,4.27,4.087,4.117,7086068.5,3463849.6
2024-07-02,4.114,4.353,4.057,4.259,9193734.5,4708717.1
2024-07-03,4.264,4.319,3.851,3.891,10949265.4,5401184.5
2024-07-04,3.892,3.935,3.486,3.508,14842650,7209213.2
2024-07-05,3.507,3.516,3.103,3.358,28657456,14258976.7
2024-07-06,3.359,3.567,3.31,3.55,11024716.6,5625403.6
2024-07-07,3.55,3.553,3.318,3.334,8832090.1,4012080.3
2024-07-08,3.335,3.63,3.166,3.511,19625860.3,9714652.6
2024-07-09,3.511,3.626,3.466,3.556,8883777.1,4324219.4
2024-07-10,3.558,3.67,3.483,3.62,7779883.4,3717255.5
2024-07-11,3.619,3.778,3.473,3.489,8671266.6,4141920.4
2024-07-12,3.489,3.646,3.427,3.606,6601994.6,3282516.5
2024-07-13,3.607,3.732,3.586,3.684,3407278.5,1710404.9
2024-07-14,3.685,3.854,3.683,3.822,5192881.7,2524218.3
2024-07-15,3.822,4.181,3.813,4.164,9374328.3,4627573.3
2024-07-16,4.163,4.197,3.898,4.099,10948226.3,5305903.2
2024-07-17,4.099,4.349,4.096,4.239,13669009.7,6649788.8
2024-07-18,4.239,4.657,4.238,4.526,16773013.8,8280980.3
2024-07-19,4.528,4.743,4.385,4.638,13349280.7,6515126.3
2024-07-20,4.637,4.949,4.576,4.877,8858121.7,4455347.5
2024-07-21,4.877,4.912,4.595,4.898,9526821.1,4672996.5
2024-07-22,4.899,4.939,4.6,4.635,7496838.1,3451919.4
2024-07-23,4.635,4.83,4.494,4.676,13915476.1,6925381.7
2024-07-24,4.675,4.853,4.504,4.529,11658515.1,5803204.5
2024-07-25,4.528,4.555,4.226,4.459,12301825.4,6539372.7
2024-07-26,4.458,4.855,4.453,4.668,11141111.1,5674893.4
2024-07-27,4.668,4.786,4.504,4.616,8374903.4,4312306.4
2024-07-28,4.615,4.667,4.477,4.538,4339706.8,2252678.8
2024-07-29,4.537,5.031,4.523,4.713,15311243.5,7730381.5
2024-07-30,4.713,4.818,4.514,4.57,9965877.5,5215136.1
2024-07-31,4.57,4.608,4.239,4.243,10304006.2,5299832.6
2024-08-01,4.243,4.267,3.771,4.008,17835918.5,9256041.2
2024-08-02,4.008,4.037,3.649,3.712,14708589.9,7507770.3
2024-08-03,3.711,3.74,3.432,3.487,12125855.7,6364542.6
2024-08-04,3.487,3.581,3.149,3.204,14671200.8,7252439
2024-08-05,3.204,3.231,2.538,2.94,62971972.8,33036210.8
2024-08-06,2.94,3.197,2.935,3.12,18142346.4,9586420.7
2024-08-07,3.119,3.242,2.905,2.937,14849827.9,7726496
2024-08-08,2.939,3.394,2.886,3.37,12696023.1,6592606.1
2024-08-09,3.371,3.373,3.169,3.235,7580091.3,3758130.9
2024-08-10,3.236,3.381,3.192,3.322,5185500.9,2624488.7
2024-08-11,3.322,3.446,3.082,3.095,7521224.2,3767506.8
2024-08-12,3.095,3.341,3.07,3.299,14133543.1,7443860.8
2024-08-13,3.299,3.695,3.21,3.675,16110773.1,8338505.5
2024-08-14,3.675,3.736,3.533,3.621,14497436.5,7608835.9
2024-08-15,3.621,3.839,3.505,3.593,20676553.2,10964552.6
2024-08-16,3.593,3.921,3.578,3.71,18178489.6,7579881.1
2024-08-17,3.71,4.05,3.662,4.031,12278415.2,6842167.6
2024-08-18,4.032,4.13,3.9,3.907,8113956.2,4428104.3
2024-08-19,3.908,4.025,3.793,3.999,7899013.3,4123475.8
2024-08-20,4,4.11,3.852,3.915,8171429.6,4374443.8
2024-08-21,3.914,4.09,3.788,3.919,7991255.9,4538407.5
2024-08-22,3.919,3.995,3.793,3.942,6663562.4,3419311.3
2024-08-23,3.942,4.479,3.942,4.446,14920244.5,7806987.7
2024-08-24,4.448,4.575,4.375,4.468,6972035.7,3142557.1
2024-08-25,4.468,4.516,4.246,4.407,8334682.6,4001083.1
2024-08-26,4.406,4.444,4.196,4.209,8005645.8,3872115.2
2024-08-27,4.209,4.423,3.841,3.963,11921762.2,6073431.6
2024-08-28,3.964,4.197,3.846,4.017,16683319.6,7811167.3
2024-08-29,4.017,4.297,4.006,4.167,10556702.7,5036891.4
2024-08-30,4.166,4.177,3.9,4.038,9623995.1,5067479.1
2024-08-31,4.038,4.063,3.867,3.925,3800076.6,1792470.8
2024-09-01,3.925,4.04,3.784,3.823,6434211.4,2979621.3
2024-09-02,3.822,3.969,3.746,3.913,8711815.5,4538150.9
2024-09-03,3.914,4.183,3.847,3.861,9832361.1,4977962.5
2024-09-04,3.861,3.934,3.598,3.739,9952180,5029061.7
2024-09-05,3.739,3.766,3.528,3.578,6421744.3,3177958
2024-09-06,3.578,3.69,3.299,3.447,9448320.4,4910494.6
2024-09-07,3.445,3.626,3.445,3.515,3599005.9,1874157.3
2024-09-08,3.515,3.616,3.467,3.569,4155323.1,2070898.1
2024-09-09,3.569,3.913,3.558,3.839,8451893.9,4597470.4
2024-09-10,3.84,4.11,3.791,4.042,6723201.8,3434288.8
2024-09-11,4.042,4.127,3.861,3.959,11799575.9,6050649.9
2024-09-12,3.959,4.093,3.793,3.918,10347733.7,5428137.2
2024-09-13,3.918,4.188,3.828,4.132,10611323.8,5235971.8
2024-09-14,4.133,4.176,3.959,4,4224891.5,2141502.8
2024-09-15,4,4.186,3.895,3.946,8460982.7,4450574.7
2024-09-16,3.946,4.056,3.794,3.859,10255124.4,5241136.4
2024-09-17,3.859,4.154,3.801,4.038,8724812.4,4623442.1
2024-09-18,4.04,4.314,3.813,4.308,9953558.6,5164766
2024-09-19,4.31,4.607,4.31,4.453,9293968.8,4891435.6
2024-09-20,4.455,4.595,4.33,4.463,6975965.4,3611557.5
2024-09-21,4.462,4.706,4.398,4.686,5611865.3,2975557.1
2024-09-22,4.686,4.698,4.38,4.506,7312139.7,3452232
2024-09-23,4.507,4.8,4.412,4.624,9436377.5,5003918.2
2024-09-24,4.626,4.899,4.52,4.891,8682156.2,4281613
2024-09-25,4.89,5.149,4.853,5.019,9558222,5002430.4
2024-09-26,5.021,5.714,4.936,5.382,16979450.9,8285315.7
2024-09-27,5.381,5.548,5.3,5.36,8289287.9,4317550.9
2024-09-28,5.361,5.486,5.261,5.387,5847047.4,2924147.1
2024-09-29,5.388,5.485,5.21,5.298,9085696.8,4718984.8
2024-09-30,5.3,5.309,5.013,5.066,9317035.1,4487126
2024-10-01,5.067,5.377,4.487,4.575,18519624.8,9243202.5
2024-10-02,4.574,4.914,4.519,4.594,16290453.9,8013306.7
2024-10-03,4.595,4.704,4.426,4.516,14065630.1,7094387.7
2024-10-04,4.515,4.833,4.483,4.803,9600837,4798430.4
2024-10-05,4.802,4.879,4.695,4.828,5069051.2,2482529.1
2024-10-06,4.828,4.969,4.774,4.922,4926807.8,2422408.9
2024-10-07,4.921,5.345,4.883,5.081,14528735.3,7050208.7
2024-10-08,5.084,5.146,4.862,5.049,13023023.1,6305397.1
2024-10-09,5.048,5.088,4.6,4.609,14957310.3,7444523
2024-10-10,4.61,4.767,4.552,4.693,10798681.6,5482122
2024-10-11,4.693,5.086,4.681,4.97,6572942.1,3144923.3
2024-10-12,4.971,5.124,4.893,5.003,6555840,3080826.6
2024-10-13,5.003,5.059,4.673,4.812,7204540.7,3676636.8
2024-10-14,4.81,5.3,4.756,5.25,11082786.5,5576448.3
2024-10-15,5.252,5.398,4.972,5.176,16231933.1,7973620.6
2024-10-16,5.176,5.285,5.056,5.1,9946148.1,4824053.5
2024-10-17,5.101,5.157,4.645,4.802,11917523.4,5820710.7
2024-10-18,4.802,5.102,4.771,5.052,7426884.5,3592052.5
2024-10-19,5.051,5.153,4.909,4.931,3894487.8,1872702.2
2024-10-20,4.932,5.208,4.86,5.188,5666832.1,2893472.2
2024-10-21,5.188,5.296,4.876,5.004,9045729,4326172.7
2024-10-22,5.003,5.325,4.919,5.32,14688863.8,7169102.8
2024-10-23,5.32,5.358,4.924,5.139,11957957.4,5773654.1
2024-10-24,5.139,5.522,5.1,5.423,9686849.6,4696325.2
2024-10-25,5.422,5.444,4.691,4.9,11714275.3,5971651.7
2024-10-26,4.899,5.09,4.814,5.035,7465569.6,3637730.6
2024-10-27,5.035,5.406,5.027,5.317,6916588.4,3377755.1
2024-10-28,5.318,5.999,5.257,5.974,16996472.4,8498788.4
2024-10-29,5.973,6.324,5.951,6.067,15144496.2,7633823.2
2024-10-30,6.067,6.181,5.806,5.876,7403811.2,3652662.1
2024-10-31,5.877,5.938,5.555,5.618,6625178.6,3089714.6
2024-11-01,5.618,5.833,5.471,5.7,8753632.5,4320961.7
2024-11-02,5.699,5.872,5.416,5.524,4842621.8,2525283
2024-11-03,5.524,5.539,4.949,5.08,9402645.6,4790682.7
2024-11-04,5.08,5.125,4.218,4.272,20765664.3,10109826.7
2024-11-05,4.271,4.77,4.236,4.666,15352389,7725030.9
2024-11-06,4.666,5.639,4.666,5.561,22530193.7,10932732.6
2024-11-07,5.56,5.697,5.357,5.601,11356892,5409867.9
2024-11-08,5.601,5.693,5.368,5.531,9603968.1,4879073.7
2024-11-09,5.532,5.751,5.337,5.694,10192686.3,5113766.1
2024-11-10,5.695,6.148,5.496,5.839,21338044.2,10696204.1
2024-11-11,5.842,6.669,5.781,6.573,29042188,14364898.6
2024-11-12,6.572,6.598,5.64,5.846,23770885.9,11818575
2024-11-13,5.843,6.071,5.403,5.609,28359567.8,14522640.6
2024-11-14,5.609,5.821,5.324,5.421,17700325.2,9117792.6
2024-11-15,5.421,5.63,5.196,5.546,14805544.1,7009260.1
2024-11-16,5.545,5.799,5.45,5.615,10881873.9,5395569.9
2024-11-17,5.616,5.793,5.194,5.319,14055920.5,6970176.1
2024-11-18,5.32,5.599,5.147,5.4,13977729.9,6773684.1
2024-11-19,5.4,5.436,5.101,5.205,10261874.5,5005391
2024-11-20,5.204,5.347,4.951,5.046,14618394.4,7261780.6
2024-11-21,5.048,5.452,4.903,5.357,17317128.4,8761169.6
2024-11-22,5.358,5.471,5.03,5.47,13946118.1,6801432
2024-11-23,5.47,5.935,5.385,5.578,22198526.5,11031338.8
2024-11-24,5.578,5.889,5.257,5.732,21875545.8,10722255.4
2024-11-25,5.733,5.94,5.292,5.432,21802719.2,10876650.4
2024-11-26,5.429,5.643,5.058,5.25,17647037.6,8645197.5
2024-11-27,5.25,5.671,5.172,5.583,12563741.2,5949198.7
2024-11-28,5.582,5.647,5.309,5.589,9196877.3,4481428.2
2024-11-29,5.589,6.34,5.446,6.181,13672273.5,6763649.3
2024-11-30,6.181,6.375,5.982,6.18,12600931.8,6395622.6
2024-12-01,6.18,6.253,5.94,6.065,8860165.7,4255673.5
2024-12-02,6.065,6.493,5.577,6.483,24263093.6,11824090.9
2024-12-03,6.483,7.152,6.262,6.93,33831080.2,16567624.4
2024-12-04,6.931,7.224,6.658,7.056,23988293.2,11775200.1
2024-12-05,7.055,7.397,6.567,6.765,23994150,11966544.8
2024-12-06,6.765,7.482,6.71,7.281,15059659.8,7420266
2024-12-07,7.282,7.371,7.067,7.133,7845921.1,3824764.8
2024-12-08,7.133,7.576,6.93,7.547,12644163.6,6208944.8
2024-12-09,7.547,7.566,5.719,6.344,34604627.7,17666400.3
2024-12-10,6.345,6.52,5.573,6.076,28960187.2,14869964.1
2024-12-11,6.075,6.478,5.818,6.347,11750434.1,5835743.9
2024-12-12,6.349,6.688,6.24,6.364,13681353,6678203.3
2024-12-13,6.365,6.709,6.293,6.568,12062190.6,5831031.5
2024-12-14,6.57,6.682,6.043,6.205,6550457.1,3094504
2024-12-15,6.205,6.503,6.089,6.453,8462304.5,4138922.1
2024-12-16,6.454,7.13,6.255,6.944,16552365.7,8277532.4
2024-12-17,6.944,7,6.602,6.672,14568833.6,7278806.4
2024-12-18,6.674,6.862,5.825,5.839,18727406.5,9614946.3
2024-12-19,5.837,5.922,5.008,5.197,23428640.1,12546140.8
2024-12-20,5.197,5.381,4.52,5.279,23680423,11820052.2
2024-12-21,5.279,5.551,4.909,4.975,11796306.1,5732900.9
2024-12-22,4.976,5.108,4.818,4.948,11891011,5615810.2
2024-12-23,4.949,5.308,4.828,5.242,13209773.1,6385746.9
2024-12-24,5.241,5.514,5.095,5.405,7737914.4,3907550.1
2024-12-25,5.404,5.406,5.099,5.175,5629020.1,2853952.1
2024-12-26,5.175,5.219,4.736,4.846,9004528.6,4365414.4
2024-12-27,4.846,5.129,4.669,4.745,11519583,5476673
2024-12-28,4.745,4.835,4.639,4.761,6927453.9,3427987.1
2024-12-29,4.762,4.767,4.527,4.581,5094082.9,2520421.7
2024-12-30,4.582,4.724,4.362,4.541,9382858.9,4779900.6
2024-12-31,4.542,4.669,4.431,4.483,6961872.7,3391142.2
2025-01-01,4.483,4.637,4.372,4.596,5528958.7,2626143.8
2025-01-02,4.595,4.939,4.579,4.812,7767759.1,3521405.5
2025-01-03,4.815,5.147,4.746,5.113,7212947,3349253.3
2025-01-04,5.114,5.198,5.006,5.166,4934688.3,2403878.9
2025-01-05,5.166,5.187,4.821,4.932,7875210.7,3507316.2
2025-01-06,4.933,5.125,4.834,4.956,12267273,6330851
2025-01-07,4.957,4.957,4.398,4.403,11258172.7,5785111.9
2025-01-08,4.402,4.455,3.848,3.983,16636083,8946184.6
2025-01-09,3.984,4.013,3.321,3.331,25906567.5,12255369.2
2025-01-10,3.33,3.623,3.162,3.482,40687964.9,19814381.3
2025-01-11,3.482,3.571,3.311,3.446,16288452.4,8115177.6
2025-01-12,3.447,3.489,3.319,3.371,9301737.4,4588880.6
2025-01-13,3.372,3.503,3.02,3.222,31793749.5,15255283.2
2025-01-14,3.222,3.344,3.152,3.209,17832028.4,9211155.8
2025-01-15,3.208,3.573,3.098,3.519,22282680.5,10839969.6
2025-01-16,3.519,3.589,3.341,3.486,17854109.4,9027769.4
2025-01-17,3.487,4.141,3.455,4.042,26605157,13262514.1
2025-01-18,4.042,4.096,3.715,3.762,19320376.3,9375350.5
2025-01-19,3.761,3.85,3.226,3.292,28602648.9,14162785.9
2025-01-20,3.292,3.63,3.157,3.271,37498463.7,18593417.3
2025-01-21,3.27,3.506,3.132,3.463,18506787.7,9114273.5
2025-01-22,3.464,3.478,3.176,3.197,11677173.1,5548381.7
2025-01-23,3.197,3.352,2.923,3.035,31044931,15149286.4
2025-01-24,3.036,3.049,1.921,2.099,153437382,78449752.1
2025-01-25,2.098,2.873,2.085,2.719,98937523.1,49733031.7
2025-01-26,2.719,2.77,2.511,2.518,38387859,18742930.1
2025-01-27,2.518,2.612,2.293,2.405,39019672.5,19249417.3
2025-01-28,2.405,2.426,2.035,2.055,25636130.5,12964561.8
2025-01-29,2.055,2.152,1.994,2.054,31717524,15341728
2025-01-30,2.054,2.416,2.022,2.204,43682024.5,22176154.5
2025-01-31,2.204,2.287,2.093,2.125,28207855.3,14101647.3
2025-02-01,2.125,2.129,1.123,1.166,223619622.1,106836976.3
2025-02-02,1.166,1.436,0.955,1.334,363322002.6,182770033.1
2025-02-03,1.334,1.574,1.018,1.494,215371153.6,105328168.4
2025-02-04,1.495,1.525,1.308,1.361,90618129.4,44773006.7
2025-02-05,1.362,1.451,1.302,1.315,54896139.9,27667491.4
2025-02-06,1.314,1.33,1.22,1.254,52866394.1,25285348.4
2025-02-07,1.254,1.324,1.163,1.198,54818379,27247270.5
2025-02-08,1.197,1.256,1.147,1.236,35529648.6,17388203.9
2025-02-09,1.236,1.279,1.165,1.254,37558685.1,18648765.7
2025-02-10,1.254,1.486,1.237,1.389,63456021.4,30506503
2025-02-11,1.39,1.465,1.329,1.346,35372538.7,17363992.2
2025-02-12,1.345,1.454,1.301,1.45,39273093.1,19699233.4
2025-02-13,1.451,1.6,1.432,1.447,53476973.2,25670167.6
2025-02-14,1.448,1.493,1.344,1.366,33826801.2,17563754.6
2025-02-15,1.366,1.39,1.321,1.339,24823599.6,12223657
2025-02-16,1.338,1.35,1.249,1.257,22993288.3,11390167
2025-02-17,1.257,1.283,1.181,1.21,36654625.2,18021708.7
2025-02-18,1.21,1.218,1.103,1.191,29221473.2,13932716.6
2025-02-19,1.191,1.207,1.143,1.166,25938515.3,12400699.5
2025-02-20,1.167,1.246,1.151,1.242,33665007.8,15658325.9
2025-02-21,1.242,1.295,1.174,1.2,50602337.1,24521820.5
2025-02-22,1.2,1.533,1.194,1.358,94892938.3,47785813.8
2025-02-23,1.359,1.414,1.305,1.407,70121286.2,37658960.4
2025-02-24,1.408,1.491,1.34,1.362,132697299.2,69578187.3
2025-02-25,1.363,1.485,1.246,1.465,160905434.8,83662891.3
2025-02-26,1.465,1.663,1.455,1.595,145217938.7,76642872.4
2025-02-27,1.596,1.665,1.242,1.245,125146420.4,65556910
2025-02-28,1.244,1.384,1.196,1.291,97079484.8,49303739.7
2025-03-01,1.291,1.323,1.22,1.246,80707096.5,44703114.9
2025-03-02,1.246,1.446,1.222,1.399,136781200,75124605.7
2025-03-03,1.398,1.463,1.271,1.274,96622110.8,51822744.1
2025-03-04,1.274,1.278,1.108,1.199,68349380.4,32886774.5
2025-03-05,1.199,1.295,1.182,1.284,32752073.2,16128709.9
2025-03-06,1.284,1.292,1.202,1.236,27793391.4,13248861
2025-03-07,1.236,1.294,1.177,1.224,49325165.6,23220005.7
2025-03-08,1.223,1.31,1.156,1.308,41630508.7,21041081.8
2025-03-09,1.308,1.323,1.174,1.216,47610267.8,23847118.6
2025-03-10,1.217,1.3,0.99,1.021,102555929.7,50896094.6
2025-03-11,1.022,1.16,1.014,1.129,60671021.7,28960400.7
2025-03-12,1.129,1.182,1.075,1.178,39398137.1,19073411.5
2025-03-13,1.178,1.194,1.086,1.1,37731641.8,18615745.9
2025-03-14,1.101,1.231,1.096,1.176,37240517.7,17644790.4
2025-03-15,1.176,1.194,1.158,1.186,12948532.6,6814949.7
2025-03-16,1.186,1.208,1.115,1.13,22378245.8,10901700.8
2025-03-17,1.13,1.225,1.118,1.198,19875469.7,9661105.3
2025-03-18,1.198,1.214,1.15,1.188,23724045.7,11464557
2025-03-19,1.188,1.273,1.173,1.269,26895112.7,12759901.8
2025-03-20,1.268,1.275,1.22,1.233,15136061.8,7211498.2
2025-03-21,1.234,1.244,1.168,1.206,24761047.4,12376969.4
2025-03-22,1.206,1.258,1.204,1.233,13768593.5,6564027.2
2025-03-23,1.234,1.285,1.226,1.281,11804214.6,6058434.2
2025-03-24,1.281,1.313,1.252,1.272,16865246.9,8657377.4
2025-03-25,1.273,1.275,1.231,1.251,14385442.9,6969797.8
2025-03-26,1.251,1.347,1.236,1.263,32096737.5,15339081.2
2025-03-27,1.264,1.298,1.248,1.262,11535392.9,5454258.3
2025-03-28,1.262,1.269,1.158,1.173,21735732.3,10649514.7
2025-03-29,1.174,1.174,1.109,1.126,14540053,6843837.9
2025-03-30,1.126,1.157,1.104,1.128,11618535.2,5915414.4
2025-03-31,1.128,1.165,1.099,1.14,13865192,6437560
2025-04-01,1.139,1.223,1.138,1.189,13734078.3,6947035.7
2025-04-02,1.189,1.22,1.108,1.119,14826211.1,6957374.7
2025-04-03,1.119,1.148,1.077,1.118,9027579.9,4358308.9
2025-04-04,1.118,1.153,1.093,1.128,9534187.2,4487501.1
2025-04-05,1.127,1.133,1.096,1.114,3865282.2,1849976.7
2025-04-06,1.114,1.119,0.992,1.041,14414879.1,6793789.3
2025-04-07,1.042,1.076,0.96,1.037,27885651.7,12803626.9
2025-04-08,1.038,1.092,0.987,0.995,14063320.6,6380154.3
2025-04-09,0.995,1.145,0.968,1.115,19341419.9,9242923.4
2025-04-10,1.115,1.117,1.047,1.072,9196891.3,4216598
2025-04-11,1.072,1.133,1.064,1.116,8680516.7,4281638.4
2025-04-12,1.116,1.195,1.101,1.189,9169255.1,4662519.2
2025-04-13,1.189,1.19,1.128,1.139,10763652.2,5061910.9
2025-04-14,1.139,1.186,1.135,1.145,13191300.2,6511016.9
2025-04-15,1.146,1.162,1.102,1.104,6979186.6,3401513
2025-04-16,1.104,1.151,1.086,1.12,9742457.9,4671813.4
2025-04-17,1.12,1.16,1.108,1.132,6917865.2,3362320.4
2025-04-18,1.132,1.153,1.121,1.142,5699941,2677240.8
2025-04-19,1.142,1.19,1.138,1.172,4757405.9,2323282.1
2025-04-20,1.172,1.224,1.162,1.209,6455539.2,3093019.1
2025-04-21,1.209,1.252,1.204,1.226,9303503.4,4372061.2
2025-04-22,1.225,1.318,1.206,1.311,9624176.5,4660992.1
2025-04-23,1.312,1.334,1.278,1.298,10793549.9,5103450.6
2025-04-24,1.298,1.398,1.265,1.397,12537137.3,5969097.2
2025-04-25,1.398,1.398,1.349,1.368,9157533,4530806
2025-04-26,1.367,1.442,1.367,1.388,8533367.7,3922808.2
2025-04-27,1.389,1.398,1.321,1.325,5003250.8,2243642.1
2025-04-28,1.325,1.403,1.299,1.39,14118848.5,6561543.9
2025-04-29,1.391,1.401,1.334,1.338,10595573.3,4981236.5
2025-04-30,1.338,1.379,1.286,1.336,9886674.5,4536742.2
2025-05-01,1.336,1.482,1.331,1.396,11323644,5300355
2025-05-02,1.395,1.431,1.298,1.31,12538756.6,6251226.3
2025-05-03,1.311,1.311,1.247,1.267,7221487.8,3524056.2
2025-05-04,1.266,1.352,1.245,1.258,12525123.8,6316459.9
2025-05-05,1.257,1.308,1.23,1.251,8623448.5,4212465.7
2025-05-06,1.251,1.294,1.186,1.293,9383918.4,4808671.1
2025-05-07,1.293,1.319,1.221,1.246,7935301.6,3698869.2
2025-05-08,1.246,1.392,1.244,1.379,10840974.3,5133209.1
2025-05-09,1.38,1.506,1.37,1.495,15571457.5,6868564.5
2025-05-10,1.494,1.755,1.493,1.742,27952880.7,13908298.7
2025-05-11,1.742,1.82,1.671,1.757,30247067.6,14506964
2025-05-12,1.758,2.084,1.732,1.931,53875228.3,25993829.8
2025-05-13,1.932,2.107,1.862,2.07,28182721,13779391.7
2025-05-14,2.069,2.078,1.936,1.952,13084426.2,6128059.5
2025-05-15,1.951,1.972,1.832,1.89,18109205.2,9094315.9
2025-05-16,1.89,1.967,1.774,1.775,14601033.5,7204052.1
2025-05-17,1.776,1.782,1.651,1.686,12018956.1,5967785.6
2025-05-18,1.687,1.935,1.675,1.893,22474056.7,10705283.2
2025-05-19,1.892,1.918,1.698,1.788,19589406.9,9675219
2025-05-20,1.788,1.846,1.723,1.799,11699692.7,5599999.6
2025-05-21,1.799,1.993,1.777,1.961,22069149.5,10108157.9
2025-05-22,1.962,2.189,1.922,2.137,26060792,12856515.1
2025-05-23,2.138,2.188,1.902,1.911,19229409,8940134.8
2025-05-24,1.912,1.975,1.859,1.878,10923192.6,4928533
2025-05-25,1.878,2.01,1.808,1.994,10619542.4,5116686.8
2025-05-26,1.995,2.035,1.908,1.926,10631328.6,4845172.1
2025-05-27,1.926,1.986,1.875,1.961,12297460,5898806.7
2025-05-28,1.962,2.011,1.861,1.927,13067201.7,6102831.2
2025-05-29,1.928,1.978,1.831,1.841,10148912.2,4852495.1
2025-05-30,1.84,1.873,1.645,1.65,14842816,7056778.3
2025-05-31,1.649,1.707,1.576,1.661,13170908.3,6694377.7
2025-06-01,1.661,1.723,1.619,1.712,7397985.3,3612928.6
2025-06-02,1.712,1.737,1.61,1.721,9838036.1,4723571.7
2025-06-03,1.722,1.769,1.671,1.675,11580806.6,5602451
2025-06-04,1.675,1.718,1.613,1.618,8601385,4059326.3
2025-06-05,1.618,1.686,1.51,1.534,17061872.7,8442121.5
2025-06-06,1.535,1.622,1.523,1.574,9536465.3,4577246.4
2025-06-07,1.573,1.656,1.567,1.627,4665233.3,2290209
2025-06-08,1.628,1.66,1.588,1.63,4410138,2170358.4
2025-06-09,1.63,1.741,1.592,1.736,6755323.7,3299413.6
2025-06-10,1.736,1.779,1.698,1.762,9719235.2,4509083.5
2025-06-11,1.763,1.792,1.682,1.687,9758514.2,4360709.8
2025-06-12,1.686,1.695,1.57,1.573,10034758.6,4309927.4
2025-06-13,1.573,1.575,1.456,1.514,16568905.7,7561969.5
2025-06-14,1.514,1.514,1.457,1.482,5298982.1,2230685.4
2025-06-15,1.482,1.521,1.475,1.512,5028214,2533589.2
2025-06-16,1.512,1.588,1.49,1.511,7831116.7,4024339.3
2025-06-17,1.511,1.541,1.419,1.441,7449878.9,3207041.3
2025-06-18,1.441,1.478,1.378,1.43,8876380.9,4231444.4
2025-06-19,1.431,1.443,1.393,1.401,4805646.4,2020010.6
2025-06-20,1.402,1.438,1.302,1.336,10255805.5,4865586.1
2025-06-21,1.336,1.371,1.248,1.282,7478559.8,3297702.5
2025-06-22,1.283,1.308,1.171,1.244,13519880.4,6022849.4
2025-06-23,1.243,1.38,1.225,1.367,10135637.3,5224769.1
2025-06-24,1.367,1.406,1.356,1.381,9374125.4,4331628.7
2025-06-25,1.381,1.395,1.329,1.335,7545013.6,3453638.7
2025-06-26,1.335,1.383,1.296,1.308,8424103.6,3601696.2
2025-06-27,1.309,1.352,1.271,1.317,7928038.1,3505815.2
2025-06-28,1.318,1.356,1.302,1.346,4404699.4,2029828.4
2025-06-29,1.346,1.431,1.326,1.412,6222714.7,2976978.1
2025-06-30,1.412,1.419,1.331,1.338,8581895.5,4283415.4
2025-07-01,1.338,1.345,1.285,1.302,5388102.5,2389913.1
2025-07-02,1.301,1.403,1.292,1.381,6550740.8,3000578.7
2025-07-03,1.382,1.421,1.362,1.395,6900922.4,3294169.5
2025-07-04,1.396,1.41,1.298,1.304,7334194.5,3642318.4
2025-07-05,1.304,1.32,1.288,1.307,3608988.7,1850905.8
2025-07-06,1.307,1.359,1.292,1.337,4190184.6,2112814.1
2025-07-07,1.338,1.353,1.307,1.324,3333223.9,1562252.3
2025-07-08,1.323,1.363,1.31,1.35,4373448.2,2195924.5
2025-07-09,1.351,1.418,1.343,1.408,6685378.6,3146142.9
2025-07-10,1.409,1.522,1.401,1.516,7119922.2,3489263.7
2025-07-11,1.517,1.588,1.493,1.509,15253460.7,6864076.1
2025-07-12,1.509,1.524,1.448,1.478,8436092.8,4110381.2
2025-07-13,1.478,1.557,1.471,1.529,7148689.6,3444566
2025-07-14,1.53,1.611,1.527,1.547,12973401.9,5588835.5
2025-07-15,1.546,1.566,1.484,1.565,12253492.4,5975229.9
2025-07-16,1.566,1.655,1.546,1.612,11222157.7,4944739.2
2025-07-17,1.612,1.663,1.584,1.652,16215278.1,7680888
2025-07-18,1.652,1.734,1.573,1.622,24312087,12270368.5
2025-07-19,1.623,1.679,1.593,1.656,10026828.4,4892103.4
2025-07-20,1.656,1.742,1.655,1.704,11808420.9,5820312.5
2025-07-21,1.704,1.755,1.664,1.678,12253406.9,5825813.4
2025-07-22,1.678,1.69,1.595,1.663,14362092.1,6960039.1
2025-07-23,1.663,1.664,1.471,1.505,19437912.4,9535293.1
2025-07-24,1.505,1.522,1.387,1.453,17491362.7,8123508.3
2025-07-25,1.454,1.49,1.396,1.483,11525933.3,5760987.7
2025-07-26,1.483,1.5,1.474,1.475,2792854.1,1294523.2
2025-07-27,1.476,1.514,1.458,1.501,7358079,3574622.8
2025-07-28,1.501,1.53,1.405,1.412,12147627.3,5875345.3
2025-07-29,1.412,1.473,1.375,1.398,11822395.7,5822970.7
2025-07-30,1.398,1.414,1.327,1.382,12444145.6,6040978.4
2025-07-31,1.382,1.417,1.314,1.317,8582650.5,4441077.9
2025-08-01,1.318,1.331,1.249,1.28,16990494.5,8250920.2
2025-08-02,1.279,1.298,1.225,1.246,9503634.1,4820002.4
2025-08-03,1.247,1.3,1.235,1.292,3449839,1640821.3
2025-08-04,1.292,1.35,1.291,1.344,4672353.1,2219377.9
2025-08-05,1.344,1.345,1.271,1.294,5887128.4,3020964.1
2025-08-06,1.295,1.319,1.263,1.301,6570911.2,3094955.3
2025-08-07,1.301,1.363,1.296,1.36,5480035.3,2603858.1
2025-08-08,1.36,1.417,1.348,1.402,6690522.5,2899264.4
2025-08-09,1.403,1.451,1.393,1.43,4450804.7,1900670.3
2025-08-10,1.431,1.461,1.39,1.419,6260444.3,3030311.1
2025-08-11,1.42,1.477,1.358,1.372,10610454.8,5376660.6
2025-08-12,1.371,1.474,1.349,1.464,9815880.8,4731703.6
2025-08-13,1.465,1.511,1.452,1.499,10213558.2,4808157.7
2025-08-14,1.5,1.517,1.35,1.387,14844407,7659408.4
2025-08-15,1.387,1.422,1.335,1.365,6683204.1,3191732.8
2025-08-16,1.365,1.379,1.344,1.371,3365592.2,1537861.4
2025-08-17,1.371,1.409,1.358,1.373,4491567.2,2219521.6
2025-08-18,1.373,1.374,1.306,1.332,7518936.5,3798571.8
2025-08-19,1.332,1.348,1.262,1.266,7553518.2,3883084.9
2025-08-20,1.266,1.322,1.258,1.313,7814751.4,4105357.2
2025-08-21,1.314,1.322,1.269,1.276,3117145.6,1405177.8
2025-08-22,1.276,1.394,1.238,1.388,13759872,6721241.6
2025-08-23,1.388,1.389,1.343,1.356,4296152.2,1953889
2025-08-24,1.357,1.389,1.31,1.33,12170176.7,6080980.3
2025-08-25,1.331,1.343,1.194,1.213,11246583.1,5128210.6
2025-08-26,1.214,1.269,1.2,1.258,7660164.2,3669671.2
2025-08-27,1.258,1.269,1.231,1.241,7750470.1,3725726.9
2025-08-28,1.241,1.28,1.233,1.259,5843230.9,2549565.8
2025-08-29,1.259,1.26,1.165,1.183,10197424.6,5323833.3
2025-08-30,1.182,1.213,1.163,1.213,4080283,2067534.6
2025-08-31,1.213,1.232,1.186,1.189,3952392.1,1823977
2025-09-01,1.189,1.219,1.118,1.141,12285245.5,6027325
2025-09-02,1.141,1.205,1.138,1.202,9218831.6,4258697.3
2025-09-03,1.203,1.231,1.186,1.211,3700651.1,1806647.8
2025-09-04,1.211,1.218,1.164,1.176,3656476.1,1873723.6
2025-09-05,1.176,1.24,1.174,1.192,8092063.3,3763825.7
2025-09-06,1.192,1.2,1.172,1.197,2196427.8,1068225.9
2025-09-07,1.197,1.226,1.197,1.216,3183139,1419591.2
2025-09-08,1.217,1.269,1.208,1.247,5567382,2481390.4
2025-09-09,1.247,1.286,1.225,1.247,7577083.2,3610622.3
2025-09-10,1.246,1.278,1.237,1.269,5031876.3,2328284.1
2025-09-11,1.268,1.299,1.255,1.295,5185882.4,2541544.7
2025-09-12,1.295,1.329,1.265,1.327,3819675.4,1737090.5
2025-09-13,1.327,1.344,1.306,1.327,4441661.7,2214639
2025-09-14,1.327,1.348,1.292,1.314,4776384.8,2379553
2025-09-15,1.314,1.327,1.244,1.263,4739862.8,2506930.3
2025-09-16,1.263,1.284,1.244,1.277,5118306.4,2490605.5
2025-09-17,1.277,1.34,1.251,1.339,8023444.6,3773943
2025-09-18,1.34,1.37,1.333,1.361,4992398.6,2396512.5
2025-09-19,1.361,1.39,1.266,1.278,5607551.9,2723726.9
2025-09-20,1.277,1.289,1.262,1.271,2956704.9,1539180.7
2025-09-21,1.271,1.278,1.248,1.252,2977697.3,1590865.9
2025-09-22,1.251,1.255,1.141,1.184,8446794,4699715.3
2025-09-23,1.184,1.205,1.161,1.173,3855467.4,1812118.3
2025-09-24,1.174,1.205,1.154,1.186,2937952.3,1452858.8
2025-09-25,1.185,1.189,1.094,1.105,6441116.3,3080996.9
2025-09-26,1.106,1.152,1.106,1.149,5661351.5,2786487.1
2025-09-27,1.148,1.148,1.123,1.125,2914183.6,1609144.1
2025-09-28,1.125,1.166,1.11,1.163,3913110,1993322.5
2025-09-29,1.164,1.18,1.129,1.158,5251198.8,2645737.4
2025-09-30,1.158,1.162,1.107,1.141,4646372.1,2207920.8
2025-10-01,1.141,1.202,1.135,1.202,4642795.8,1978132.7
2025-10-02,1.202,1.228,1.19,1.217,10953357,4785339.5
2025-10-03,1.217,1.249,1.189,1.222,5386055.4,2610121.4
2025-10-04,1.223,1.225,1.163,1.183,4184248.8,2197512.1
2025-10-05,1.182,1.224,1.173,1.18,4654926.3,2312484
2025-10-06,1.18,1.221,1.175,1.205,4181256.4,2068991.8
2025-10-07,1.205,1.208,1.126,1.15,5720112.4,2966032.1
2025-10-08,1.151,1.186,1.143,1.174,4262233.3,2013528.2
2025-10-09,1.173,1.175,1.126,1.158,4397188.7,2296968.3
2025-10-10,1.158,1.171,0.55,0.863,27045807.9,13955092.7
2025-10-11,0.863,0.908,0.84,0.862,15792205.6,8258984.8
2025-10-12,0.862,0.942,0.831,0.922,8818589.7,4157215.3
2025-10-13,0.922,0.961,0.909,0.953,12589904.8,5599584.2
2025-10-14,0.953,0.956,0.869,0.917,11092642.4,5347590.4
2025-10-15,0.917,0.934,0.866,0.881,9645576,4724044.6
2025-10-16,0.881,0.905,0.845,0.856,11180591.6,5239312.7
2025-10-17,0.856,0.87,0.801,0.838,14731497.2,6606134
2025-10-18,0.838,0.855,0.825,0.838,4795994.8,2400785.4
2025-10-19,0.839,0.866,0.825,0.856,6186387.7,3253485
2025-10-20,0.856,0.884,0.842,0.866,6095250,3068595.8
2025-10-21,0.866,0.898,0.838,0.848,8604588.7,4229011
2025-10-22,0.847,0.852,0.811,0.83,7672757.2,3758756.7
2025-10-23,0.831,0.863,0.83,0.843,6015476.2,2983068.6
2025-10-24,0.844,0.874,0.842,0.864,5298021.9,2610973.6
2025-10-25,0.864,0.868,0.856,0.862,3169260.1,1416423.9
2025-10-26,0.862,0.953,0.857,0.93,13257735.8,6632121.9
2025-10-27,0.93,0.938,0.885,0.89,6089545.3,2809683.8
2025-10-28,0.89,0.947,0.843,0.862,7078664.1,3613519.7
2025-10-29,0.861,0.894,0.856,0.871,7450498.3,3465661.1
2025-10-30,0.87,0.881,0.812,0.831,5617156.2,2512101.8
2025-10-31,0.831,0.854,0.829,0.847,3441914.7,1757443.4
2025-11-01,0.847,0.869,0.842,0.855,9204280.5,4592687.6
2025-11-02,0.855,0.879,0.843,0.863,7152526.6,3478057
2025-11-03,0.863,0.864,0.758,0.782,11136058.5,5148161.8
2025-11-04,0.781,0.796,0.716,0.763,10262185.2,5068878.2
2025-11-05,0.762,0.767,0.724,0.757,4852936.1,2256362.4
2025-11-06,0.758,0.758,0.717,0.736,5907589.5,2936680.8
2025-11-07,0.736,0.822,0.729,0.81,7608950.7,3822054.9
2025-11-08,0.81,0.826,0.79,0.805,5100706.2,2620555.1
2025-11-09,0.805,0.93,0.784,0.824,10025873.4,4913750
2025-11-10,0.824,0.843,0.814,0.827,4980363.2,2474050
2025-11-11,0.828,0.842,0.77,0.772,5201325.5,2664903.2
2025-11-12,0.772,0.812,0.762,0.772,4190991.7,2019819.8
2025-11-13,0.772,0.801,0.737,0.753,4505649.8,2158941.4
2025-11-14,0.753,0.759,0.708,0.717,5633785.3,2755626.1
2025-11-15,0.718,0.747,0.717,0.734,1982983.6,908571.8
2025-11-16,0.733,0.747,0.703,0.719,3542333.7,1760822.8
2025-11-17,0.718,0.758,0.705,0.713,6168785.7,3149982.4
2025-11-18,0.712,0.745,0.69,0.732,6298108.1,3090716.3
2025-11-19,0.732,0.734,0.679,0.702,5029966.4,2561435.2
2025-11-20,0.702,0.726,0.652,0.665,6738053.3,3421875.2
2025-11-21,0.666,0.674,0.601,0.627,10853692.5,5260943.5
2025-11-22,0.627,0.63,0.599,0.607,3382380.7,1779174.9
2025-11-23,0.607,0.639,0.606,0.627,2887317.9,1332171.6
2025-11-24,0.628,0.656,0.619,0.644,4653514.2,2297541.1
2025-11-25,0.643,0.647,0.617,0.641,2589984.4,1343947.2
2025-11-26,0.642,0.659,0.621,0.655,4096271.2,2099512.2
2025-11-27,0.655,0.66,0.643,0.644,2393168,1238157.4
2025-11-28,0.644,0.664,0.636,0.649,4930227.6,2660295.4
2025-11-29,0.648,0.649,0.633,0.636,2013525.7,936651.1
2025-11-30,0.637,0.648,0.632,0.634,2423852.6,1374036.3
2025-12-01,0.634,0.635,0.574,0.611,7241361.6,3746574.5
2025-12-02,0.611,0.666,0.603,0.658,4127598.3,2128603.7
2025-12-03,0.659,0.693,0.656,0.686,3308169.5,1506745.1
2025-12-04,0.687,0.692,0.662,0.671,2366891.7,1155949.3
2025-12-05,0.671,0.676,0.64,0.65,3683212.6,1811692.7
2025-12-06,0.65,0.666,0.647,0.658,2216256.5,1060766.3
2025-12-07,0.658,0.692,0.636,0.664,6174034.9,3142140.6
2025-12-08,0.665,0.69,0.662,0.677,3254836.4,1459796.8
2025-12-09,0.677,0.72,0.665,0.699,4049477.5,2004700.1
2025-12-10,0.699,0.725,0.687,0.692,3424577.9,1720876.6
2025-12-11,0.692,0.692,0.652,0.674,4566793.8,2524867.9
2025-12-12,0.674,0.676,0.635,0.643,2888914.7,1493483.1
2025-12-13,0.644,0.652,0.644,0.651,2209402.5,1137698.4
2025-12-14,0.65,0.656,0.626,0.632,2335868.4,1386144.1
2025-12-15,0.632,0.653,0.596,0.599,3597270.7,1914557.8
2025-12-16,0.599,0.623,0.59,0.612,2497200.9,1292686.1
2025-12-17,0.611,0.626,0.578,0.584,2856192.2,1556854.7
2025-12-18,0.584,0.603,0.557,0.565,6571870.3,3251803.6
2025-12-19,0.566,0.598,0.561,0.584,3103408.4,1450256
2025-12-20,0.584,0.585,0.573,0.574,1107029.1,599208
2025-12-21,0.575,0.576,0.556,0.568,2145101.8,1191300.2
2025-12-22,0.568,0.598,0.568,0.578,3894638.1,1790923.1
2025-12-23,0.577,0.58,0.553,0.558,2491574.5,1325076.7
2025-12-24,0.557,0.561,0.543,0.552,2265618.1,1150256.9
2025-12-25,0.551,0.564,0.542,0.545,5169623.6,2734429
2025-12-26,0.544,0.563,0.54,0.549,3521320,1601904.3
2025-12-27,0.549,0.561,0.547,0.56,1635902,791237.4
2025-12-28,0.56,0.562,0.549,0.555,1803339.2,892802.8
2025-12-29,0.555,0.573,0.546,0.55,4556036.6,2262862.4
2025-12-30,0.55,0.564,0.544,0.557,2588970.9,1258415.1
2025-12-31,0.557,0.575,0.552,0.559,2757255.6,1304512.2
2026-01-01,0.558,0.572,0.555,0.57,1749596.4,868438.1
2026-01-02,0.57,0.585,0.565,0.579,3423058.7,1764812.3
2026-01-03,0.58,0.586,0.569,0.579,1683719.3,910280.6
2026-01-04,0.578,0.598,0.578,0.593,2301532,1127832.9
2026-01-05,0.594,0.612,0.587,0.607,3094949.8,1560468.2
2026-01-06,0.607,0.614,0.581,0.605,3599421.1,1860516.9
2026-01-07,0.606,0.607,0.577,0.585,3248143.1,1676845.4
2026-01-08,0.585,0.592,0.569,0.583,3156541,1626484.1
2026-01-09,0.582,0.599,0.577,0.583,3046681.8,1431764.6
2026-01-10,0.583,0.585,0.568,0.57,1673944.9,857730.1
2026-01-11,0.57,0.579,0.564,0.571,1995892.7,1073049.6
2026-01-12,0.572,0.608,0.566,0.581,7377679.6,3737619.4
2026-01-13,0.58,0.638,0.58,0.63,8365892.7,4128912.7
2026-01-14,0.631,0.681,0.626,0.669,10944440.8,5601208.7
2026-01-15,0.669,0.686,0.659,0.674,11042105.9,5663497.6
2026-01-16,0.674,0.684,0.658,0.678,6786973.7,3520960.7
2026-01-17,0.678,0.688,0.664,0.667,4508620.7,2272900.5
2026-01-18,0.666,0.671,0.642,0.643,4476574.8,2242368.1
2026-01-19,0.643,0.643,0.603,0.635,5523221.8,2852934.5
2026-01-20,0.635,0.637,0.585,0.591,5000001.9,2215700
2026-01-21,0.59,0.621,0.58,0.599,3662751.8,1856333.4
2026-01-22,0.598,0.613,0.582,0.59,1880942.3,974108.3
2026-01-23,0.591,0.602,0.578,0.586,3098828.7,1550284.5
2026-01-24,0.587,0.59,0.574,0.58,1753330.7,923959.7
2026-01-25,0.58,0.582,0.544,0.554,4480902.5,2401377.6
2026-01-26,0.554,0.571,0.552,0.565,2024256.3,1062974.5
2026-01-27,0.564,0.575,0.56,0.572,1751826.6,904675.3
2026-01-28,0.572,0.573,0.557,0.562,3030923.3,1376466.1
2026-01-29,0.562,0.563,0.513,0.526,4602506.2,2554861.9
2026-01-30,0.526,0.527,0.505,0.516,4140770.1,2074598.4
2026-01-31,0.516,0.516,0.443,0.476,7073535.4,3529737.4
2026-02-01,0.476,0.481,0.453,0.461,3678829.3,1951688.6
2026-02-02,0.461,0.478,0.445,0.468,4423431.4,2310954.5
2026-02-03,0.468,0.474,0.435,0.453,6002741,2950949.2
2026-02-04,0.454,0.463,0.43,0.438,4450841,2229854.9
2026-02-05,0.439,0.441,0.375,0.379,11697856.8,5735479.2
2026-02-06,0.379,0.428,0.35,0.42,12682421.5,6157538.9
2026-02-07,0.421,0.426,0.404,0.418,6743053.8,3398258.9
2026-02-08,0.419,0.427,0.415,0.417,2807149.1,1481648.8
2026-02-09,0.418,0.423,0.402,0.412,4036718.5,2045724.9
2026-02-10,0.412,0.413,0.394,0.399,3587721.7,1823384.5
2026-02-11,0.399,0.401,0.38,0.388,10000724.4,5249833.7
2026-02-12,0.388,0.398,0.382,0.391,6678804.1,3324178.3
2026-02-13,0.391,0.421,0.383,0.418,6943697.7,3513755.4
2026-02-14,0.418,0.428,0.414,0.422,3104721.4,1555602.5
2026-02-15,0.422,0.425,0.4,0.407,5236016.8,2759549
2026-02-16,0.407,0.411,0.393,0.408,5395641.4,2810679.2
2026-02-17,0.407,0.412,0.397,0.404,4615136.8,2338889.9
2026-02-18,0.404,0.409,0.394,0.398,4209912.6,2141353.2
2026-02-19,0.398,0.403,0.391,0.397,4944504.5,2499699.6
2026-02-20,0.397,0.42,0.39,0.415,8668964.5,4392623.9
2026-02-21,0.414,0.419,0.409,0.409,2920796.7,1589406.7
2026-02-22,0.409,0.409,0.397,0.403,1901550.2,1043535.4
2026-02-23,0.402,0.402,0.378,0.386,7487293,3729214.4
2026-02-24,0.386,0.391,0.378,0.388,4515952.9,2258517.2
2026-02-25,0.389,0.43,0.387,0.415,8374725.3,4212626.1
2026-02-26,0.414,0.417,0.397,0.405,6825920.2,3347354.7
2026-02-27,0.406,0.413,0.391,0.398,4513258,2307424.7
2026-02-28,0.398,0.403,0.374,0.4,6297513.4,3314050.6
2026-03-01,0.4,0.41,0.388,0.392,4563328.7,2387432
2026-03-02,0.393,0.416,0.389,0.407,4722323.5,2409651.4
2026-03-03,0.407,0.414,0.394,0.408,5167880.9,2755359.8
2026-03-04,0.408,0.451,0.404,0.437,6018071,3149843.8
2026-03-05,0.437,0.444,0.43,0.439,3242050.2,1569012.5
2026-03-06,0.439,0.452,0.412,0.422,4581722.8,2219627.9
2026-03-07,0.422,0.426,0.417,0.419,2593234.1,1236095.2
2026-03-08,0.419,0.424,0.407,0.41,3255543,1563243.4
2026-03-09,0.411,0.426,0.408,0.418,6893313.7,3403051.1
2026-03-10,0.418,0.44,0.417,0.429,3835270.2,1876909.5
2026-03-11,0.429,0.436,0.422,0.431,4957903.6,2380558.7
2026-03-12,0.432,0.437,0.424,0.435,2930666.8,1575873.7
2026-03-13,0.434,0.462,0.434,0.453,4780433.7,2194320.9
2026-03-14,0.453,0.456,0.44,0.445,2153228.6,1088768.9
2026-03-15,0.444,0.452,0.442,0.448,2385424.5,1199306.3
2026-03-16,0.449,0.461,0.444,0.459,3298045.8,1672000
2026-03-17,0.458,0.462,0.443,0.444,2787620.8,1385895
2026-03-18,0.444,0.449,0.42,0.425,2657436.1,1313310.4
2026-03-19,0.425,0.428,0.413,0.422,2460872.6,1215396.3
2026-03-20,0.422,0.425,0.416,0.423,2454565.7,1297668.8
2026-03-21,0.422,0.426,0.408,0.41,1524767.1,734303.1
2026-03-22,0.41,0.414,0.397,0.401,2828566.7,1455483.4
2026-03-23,0.401,0.425,0.397,0.418,4421895.8,2324668
2026-03-24,0.418,0.423,0.412,0.421,1956139.4,937375.7
2026-03-25,0.422,0.428,0.419,0.424,2248146.3,1182223.1
2026-03-26,0.425,0.428,0.403,0.407,2461344.7,1276411.4
2026-03-27,0.408,0.409,0.391,0.395,2838048.4,1433157.8
2026-03-28,0.395,0.401,0.392,0.396,1203714.4,599013.9
2026-03-29,0.396,0.401,0.386,0.393,1618297.5,804999.7
2026-03-30,0.394,0.41,0.392,0.397,2028575.1,1138940.4
2026-03-31,0.398,0.416,0.395,0.414,2359207,1101907.5
2026-04-01,0.413,0.418,0.406,0.409,3773673.5,1985521.1
2026-04-02,0.41,0.412,0.391,0.395,3180517.7,1617925
2026-04-03,0.396,0.403,0.393,0.397,2495938.7,1266291.3
2026-04-04,0.397,0.398,0.376,0.379,4510581.1,2334267.5
2026-04-05,0.379,0.387,0.374,0.386,3597408.1,1857795.7
2026-04-06,0.386,0.398,0.384,0.386,4259959.5,2102141.4
2026-04-07,0.387,0.407,0.378,0.404,4472275.4,2312969.7
2026-04-08,0.404,0.406,0.395,0.396,3304962.5,1685092.9
2026-04-09,0.396,0.404,0.391,0.398,3220198.6,1620524.5
2026-04-10,0.398,0.406,0.395,0.402,2662359.7,1381881.4
2026-04-11,0.403,0.406,0.397,0.399,2696363.8,1352203.2
2026-04-12,0.4,0.4,0.383,0.384,2507289.8,1199224.6
2026-04-13,0.384,0.408,0.383,0.407,2807844.2,1380812.2
2026-04-14,0.407,0.411,0.399,0.4,2266467.9,1233924.7
2026-04-15,0.4,0.414,0.397,0.411,2211829.9,1118549.8
2026-04-16,0.412,0.419,0.404,0.419,3396472.3,1674259.3
2026-04-17,0.42,0.44,0.412,0.431,5281827.3,2332784
2026-04-18,0.431,0.434,0.418,0.424,2979450.6,1394708.2
2026-04-19,0.424,0.424,0.412,0.413,2274462.9,1195550.2
2026-04-20,0.413,0.427,0.412,0.423,1659230.4,803362.5
2026-04-21,0.422,0.463,0.42,0.458,26792033.9,13863443.7
2026-04-22,0.459,0.512,0.458,0.487,34449473.9,17950548.6
2026-04-23,0.488,0.493,0.471,0.48,7909077.2,3895893.1
2026-04-24,0.481,0.492,0.468,0.475,10078394.5,5909937.1
2026-04-25,0.475,0.485,0.474,0.482,5079869,2563491.8
2026-04-26,0.482,0.512,0.478,0.51,7970904,3936264.4
2026-04-27,0.511,0.531,0.496,0.506,10656284.5,5196433.3
2026-04-28,0.507,0.514,0.499,0.506,5952320.2,2951339.6
2026-04-29,0.506,0.542,0.486,0.497,11048601.9,5299741.9
2026-04-30,0.497,0.505,0.491,0.498,4661388.9,2433730.8
2026-05-01,0.498,0.515,0.497,0.508,4674002.5,2402852.6
2026-05-02,0.508,0.513,0.505,0.511,2679887.8,1367748.9
2026-05-03,0.51,0.522,0.504,0.515,3895915,1966619.1
2026-05-04,0.515,0.538,0.513,0.524,7597391.1,3893401.4
2026-05-05,0.524,0.565,0.524,0.547,9159962.6,4692808.1
2026-05-06,0.548,0.568,0.545,0.552,6810221.2,3521943.8
2026-05-07,0.552,0.567,0.544,0.564,7561983.5,3771039.3
2026-05-08,0.564,0.608,0.552,0.596,13671950.4,7138695.3
2026-05-09,0.596,0.605,0.588,0.594,3915303.6,1846559.3
2026-05-10,0.595,0.617,0.589,0.611,5840913.1,2977768
2026-05-11,0.611,0.638,0.592,0.629,7244917.5,3715754.1
2026-05-12,0.629,0.63,0.587,0.598,6164784.2,3261352.6
2026-05-13,0.599,0.619,0.576,0.581,4828864.8,2497549.2
2026-05-14,0.581,0.599,0.576,0.589,2795406.3,1498219.7
2026-05-15,0.589,0.593,0.494,0.496,16585733.3,8188993.2
2026-05-16,0.495,0.495,0.409,0.437,14322153.2,7065913.5
2026-05-17,0.437,0.466,0.432,0.443,6864676.1,3411391.5
2026-05-18,0.443,0.464,0.434,0.453,3465144.7,1800777
2026-05-19,0.453,0.466,0.441,0.45,1441616.4,822996.5
2026-05-20,0.449,0.455,0.434,0.435,1479433.8,646229.9
2026-05-21,0.436,0.446,0.417,0.432,3022266.2,1640061.7
2026-05-22,0.432,0.459,0.421,0.423,3821038.6,1905015.5
2026-05-23,0.423,0.458,0.418,0.444,2182476.7,1111760.7
2026-05-24,0.443,0.464,0.437,0.452,2755266,1411716.1
2026-05-25,0.452,0.465,0.444,0.449,1378683.6,714617
2026-05-26,0.449,0.456,0.438,0.449,1867154.7,874874.2
2026-05-27,0.449,0.45,0.421,0.423,1148165.8,580487.1
2026-05-28,0.424,0.436,0.402,0.426,1795123.3,921536.5
2026-05-29,0.426,0.435,0.409,0.421,1761287.7,845724.4
2026-05-30,0.422,0.435,0.416,0.428,859351.5,458745.8
2026-05-31,0.429,0.434,0.408,0.418,1148628.2,473825
2026-06-01,0.418,0.431,0.397,0.412,2404846.3,1157285.3
2026-06-02,0.413,0.413,0.38,0.388,3255184.7,1522288.7
2026-06-03,0.389,0.414,0.383,0.394,2180549.7,1262693.6
2026-06-04,0.395,0.398,0.35,0.367,4321641,2237238
2026-06-05,0.367,0.37,0.308,0.321,3868656.6,1773218.6
2026-06-06,0.322,0.327,0.295,0.323,2322015.7,1115412.7
2026-06-07,0.323,0.354,0.322,0.345,2933195.4,1536123.4
2026-06-08,0.346,0.355,0.336,0.346,1448532,709904.7
2026-06-09,0.347,0.393,0.339,0.392,4586997.4,2435712.5
2026-06-10,0.391,0.409,0.371,0.379,6601206.1,3176367.4
2026-06-11,0.379,0.415,0.379,0.402,3539143.5,1739446.1
2026-06-12,0.402,0.413,0.386,0.394,2781491.7,1427571
2026-06-13,0.393,0.4,0.386,0.388,1574207.6,793188.5
2026-06-14,0.388,0.395,0.366,0.393,1802770.4,899584.4
2026-06-15,0.393,0.41,0.387,0.392,2268835,1094081.3
2026-06-16,0.392,0.426,0.388,0.412,3197465.6,1578495.3
2026-06-17,0.411,0.431,0.409,0.418,2390237.2,1207420
2026-06-18,0.418,0.438,0.404,0.421,2996830.9,1337188.2
2026-06-19,0.421,0.424,0.388,0.394,2158963,1058272.7
2026-06-20,0.395,0.411,0.386,0.408,830642.1,469748.6
2026-06-21,0.408,0.425,0.401,0.411,1747374.6,862682.3
2026-06-22,0.411,0.427,0.39,0.411,1399215.2,658270.9
2026-06-23,0.411,0.429,0.409,0.42,5686798.5,2720517.8
2026-06-24,0.419,0.425,0.396,0.406,2767618,1358712.2
2026-06-25,0.406,0.42,0.386,0.397,5796308.9,2934584.6
2026-06-26,0.397,0.405,0.385,0.399,2409095.8,1160414.3
2026-06-27,0.4,0.403,0.392,0.394,1522190.6,702857
2026-06-28,0.393,0.397,0.383,0.388,1221928.9,621706.9
2026-06-29,0.387,0.393,0.38,0.387,1972727.3,936402.3
2026-06-30,0.387,0.387,0.374,0.379,2239625.6,930434.6
2026-07-01,0.379,0.397,0.374,0.39,2330405.2,1148607.5
2026-07-02,0.389,0.403,0.388,0.4,2076676.4,1092717.7
2026-07-03,0.401,0.413,0.4,0.411,2187994.9,1157063.1
2026-07-04,0.412,0.42,0.406,0.415,1828356.5,829636.4
2026-07-05,0.414,0.448,0.41,0.415,4461015.8,2066587.9
2026-07-06,0.416,0.418,0.394,0.403,3342847.6,1719835.8
2026-07-07,0.403,0.405,0.382,0.388,5661429.3,2804415
2026-07-08,0.388,0.39,0.373,0.384,2504345.3,1158577.9
2026-07-09,0.385,0.403,0.382,0.396,3034820.8,1431978.5
2026-07-10,0.396,0.408,0.394,0.401,2573570.7,1345183.6
2026-07-11,0.402,0.412,0.399,0.405,2699213.7,1398483.7
2026-07-12,0.404,0.407,0.4,0.403,1609615.4,809277.2
2026-07-13,0.402,0.416,0.398,0.404,5815090.6,2824648.7
2026-07-14,0.404,0.423,0.401,0.422,2995226.6,1593961.9
2026-07-15,0.422,0.43,0.418,0.419,2608471,1184219.3
2026-07-16,0.419,0.429,0.413,0.422,3680391.9,1886514.2
2026-07-17,0.422,0.432,0.413,0.43,3017704.8,1678146.2
2026-07-18,0.429,0.432,0.423,0.43,1764192.1,892904.7
2026-07-19,0.43,0.451,0.43,0.444,5513335.2,2975017.9
2026-07-20,0.443,0.448,0.436,0.445,3433535.4,1667596.8
2026-07-21,0.444,0.456,0.444,0.453,2653499.2,1345140.8
2026-07-22,0.454,0.458,0.436,0.439,2755883.1,1302657.9
2026-07-23,0.44,0.44,0.424,0.427,1882768.4,860630.4
2026-07-24,0.427,0.432,0.417,0.42,1255559.7,580114.6
2026-07-25,0.42,0.43,0.417,0.427,5962712.1,3002944.9
2026-07-26,0.427,0.436,0.426,0.436,1524361.6,800547.3
2026-07-27,0.435,0.449,0.424,0.442,3360051.6,1719213.8
2026-07-28,0.442,0.446,0.433,0.443,3741103.5,1919096.1
2026-07-29,0.443,0.445,0.428,0.438,3077320.1,1424114.4
2026-07-30,0.439,0.45,0.435,0.438,3325885.3,1708822.9
2026-07-31,0.437,0.441,0.426,0.431,1825678.4,917982.6
2026-08-01,0.431,0.441,0.429,0.437,2406541.5,1401063.3
2026-08-02,0.436,0.448,0.436,0.445,1022815.9,606646.6
2026-08-03,0.445,0.447,0.436,0.441,1167473.9,561345.4
2026-08-04,0.442,0.45,0.438,0.443,2042436.2,1027869.5
2026-08-05,0.443,0.449,0.44,0.445,2011541.9,1021161.4
2026-08-06,0.444,0.45,0.44,0.441,1860127.9,860209
2026-08-07,0.44,0.458,0.439,0.451,3271679,1586590.4
2026-08-08,0.45,0.452,0.435,0.437,1881270.8,912112.3
2026-08-09,0.437,0.44,0.429,0.43,2844743,1314881
2026-08-10,0.431,0.436,0.425,0.426,1662825.4,786315.3
2026-08-11,0.426,0.432,0.42,0.425,1767233.3,899810.7
2026-08-12,0.425,0.431,0.42,0.422,1631132,776449.5
2026-08-13,0.423,0.428,0.42,0.426,1616072,837166.4
2026-08-14,0.426,0.427,0.413,0.419,1872361.9,883338.5
2026-08-15,0.419,0.423,0.418,0.42,759078.9,422852.6
2026-08-16,0.421,0.423,0.413,0.416,2061444.1,914770.4
2026-08-17,0.417,0.422,0.413,0.418,1779174.3,669286.7
2026-08-18,0.418,0.418,0.4,0.404,3433557.1,1337097.2
2026-08-19,0.403,0.445,0.393,0.427,5620180.7,2718496.5
2026-08-20,0.428,0.448,0.421,0.444,4142976.8,2308773.9
2026-08-21,0.444,0.479,0.443,0.473,4725298,2515089.3
2026-08-22,0.473,0.49,0.462,0.474,5554289.1,2795948.8
2026-08-23,0.474,0.477,0.458,0.475,2810822.1,1294744.5
2026-08-24,0.475,0.49,0.467,0.48,3816183.4,1848388.4
2026-08-25,0.48,0.5,0.478,0.482,3525535.9,1671458
2026-08-26,0.482,0.506,0.463,0.485,2106182.6,989036
2026-08-27,0.485,0.631,0.485,0.507,14380166.8,7217890.9
2026-08-28,0.507,0.524,0.462,0.477,4032225.3,1742227.7
2026-08-29,0.477,0.481,0.453,0.467,1901107.4,787035.5
2026-08-30,0.467,0.477,0.451,0.457,1470474.8,601993.2
2026-08-31,0.457,0.485,0.455,0.48,3725722.4,1705090
2026-09-01,0.48,0.491,0.466,0.47,4503880.3,1995738
2026-09-02,0.47,0.476,0.464,0.473,3431270.5,2036419.1
2026-09-03,0.473,0.5,0.471,0.49,2890038.8,1491993.8
2026-09-04,0.49,0.492,0.473,0.478,2278311.5,1013240.2
2026-09-05,0.478,0.492,0.476,0.487,1909206.4,1074086.3
2026-09-06,0.488,0.493,0.48,0.491,1871922.7,846213.1
2026-09-07,0.491,0.495,0.473,0.487,3600789.8,1798815.8
2026-09-08,0.486,0.492,0.476,0.487,3411840.4,1743256.9
2026-09-09,0.488,0.497,0.465,0.48,3509447.7,1591664.1
2026-09-10,0.48,0.531,0.472,0.498,11389101.6,5966870.4
2026-09-11,0.499,0.544,0.493,0.514,7233489.4,3565244.9
2026-09-12,0.514,0.521,0.505,0.513,2285254.7,1120731.7
2026-09-13,0.513,0.523,0.498,0.507,2778227.8,1358019.8
2026-09-14,0.507,0.531,0.504,0.519,1650497.5,759063.3
2026-09-15,0.519,0.524,0.484,0.489,2355314.7,1103961.7
2026-09-16,0.489,0.494,0.479,0.492,2191276.8,944694.4
2026-09-17,0.492,0.506,0.492,0.501,1272330.8,630336.3
2026-09-18,0.502,0.545,0.5,0.54,3227840.1,1695497.5
2026-09-19,0.54,0.556,0.535,0.556,2149404.9,1085354.3
2026-09-20,0.556,0.576,0.534,0.565,3541536.1,1742671.7
2026-09-21,0.565,0.662,0.561,0.654,4603715.1,2324344
2026-09-22,0.654,0.671,0.624,0.641,8259353.4,3512674
2026-09-23,0.64,0.65,0.598,0.611,5124965,2595019.3
2026-09-24,0.611,0.643,0.605,0.638,4396569.1,2328218.4
2026-09-25,0.637,0.659,0.626,0.655,10220262.1,6007631.9
2026-09-26,0.654,0.752,0.649,0.723,18825848.7,10445366.8
